序号,中文名,外文名,image,性别,国籍,出生日期,逝世日期,职业,毕业院校,地位或主要成就
1,钱学森,Qian Xuesen,钱学森.jpg,男,中国,1911年12月11日,2009年10月31日,空气动力学家、系统科学家,交通大学、[[麻省理工学院]]、[[加州理工学院]],工程控制论先驱者，中国科学院学部委员、中国工程院院士，中国“两弹一星”研制和试验的领导者之一 
2,杨利伟,Yang Liwei,Yang_Liwei.jpg,男,中国,1965年6月21日,,航天员、中国人民解放军少将,中国人民解放军空军航空大学、[[清华大学]],中国第一位航天员、[[神舟五号]]航天员、中国载人航天工程副总设计师
3,费俊龙,Fei Junlong,Fei_Junlong.png,男,中国,1965年5月5日,,航天员,长春航校、[[清华大学]],[[神舟六号]]、[[神舟十五号]]航天员
4,聂海胜,Nie Haisheng,Nie_Haisheng.jpeg,男,中国,1964年10月13日,,航天员,中国人民解放军空军航天大学、[[上海交通大学]],[[神舟六号]]、[[神舟十号]]、[[神舟十二号]]航天员
5,翟志刚,Zhai Zhigang,Zhai_Zhigang.JPG,男,中国,1666年10月11日,,航天员,空军长春飞行学院,[[神舟七号]]、[[神舟十三号]]航天员
6,刘伯明,Liu Boming,Liu_Boming.JPG,男,中国,1666年9月17日,,航天员,空军长春飞行学院,[[神舟七号]]、[[神舟十二号]]航天员
7,景海鹏,Jing Haipeng,Jing_Haipeng.JPG,男,中国,1966年10月,,航天员,河北保定航校,[[神舟七号]]、[[神舟九号]]、[[神舟十一号]]航天员
8,刘洋,Liu Yang,Liu_Yang_-_UNOOSA_50_Years_of_Women_in_Space_NHM_Vienna_2013_b.jpg,女,中国,1978年10月,,航天员,空军长春飞行学院,[[神舟九号]]、[[神舟十四号]]航天员
9,刘旺,Liu Wang,LIU_Wang_CUHK_2012.JPG,男,中国,1969年3月,,航天员,[[北京航空航天大学]]（博士）,[[神舟九号]]航天员
10,王亚平,Wang Yaping,Wang_Yaping.png,女,中国,1980年1月,,航天员,空军长春飞行学院、[[北京大学]],[[神舟十号]]、[[神舟十三号]]航天员
11,张晓光,Zhang Xiaoguang,张晓光.jpg,男,中国,1966年5月,,航天员,空军航空大学,[[神舟十号]]航天员
12,邓清明,Deng Qingming,Deng_Qingming.jpeg,男,中国,1966年3月16日,,航天员,新疆哈密第八飞行学院,[[神舟十五号]]航天员
13,陈冬,Chen Dong,航天员陈冬_Chen_Dong.jpg,男,中国,1978年12月12日,,航天员,[[西安交通大学]],[[神舟十一号]]、[[神舟十四号]]航天员
14,汤洪波,Tang Hongbo,Tang_Hongbo.jpg,男,中国,1975年10月,,航天员,保定飞行学院,[[神舟十二号]]航天员
15,叶光富,Ye Guangfu,Ye_Guangfu_in_2021.jpg,男,中国,1980年9月,,航天员,[[西安交通大学]],[[神舟十三号]]航天员
16,蔡旭哲,Cai Xuzhe,航天员蔡旭哲_Cai_Xuzhe.jpg,男,中国,1976年5月,,航天员,[[西安交通大学]],[[神舟十四号]]航天员
17,张陆,Zhang Lu,Zhang_Lu.png,男,中国,1976年11月,,航天员,[[西安交通大学]],[[神舟十五号]]航天员
18,赵九章,Zhao Jiuzhang,赵九章.jpg,男,中国,1907年10月15日,1968年10月26日,气象学家、地球物理学家、空间物理学家,[[清华大学]]、[[柏林大学]],中国人造卫星事业的倡导者和奠基人之一
19,杨嘉墀,Yang Jiachi,杨嘉墀.jpg,男,中国,1919年7月16日,2006年6月11日,自动化和空间技术专家,[[哈佛大学]],中国自动化与控制技术、航天技术领域的主要开创者之一、863计划发起人
20,杨南生,Yang Nansheng,杨南生.jpg,男,中国,1921年12月29日,2013年3月5日,固体火箭专家,西南联合大学、[[曼彻斯特大学]],主持研制巨浪一号、长征一号末级发动机、返回式卫星回收制动发动机、通讯卫星远地点发动机
21,屠善澄,Tu Shancheng,屠善澄.jpg,男,中国,1923年8月12日,2017年5月6日,自动控制技术专家,大同大学、康奈尔大学,
22,屠守锷,Tu Shoue,屠守锷.jpg,男,中国,1917年12月5日,2012年12月15日,火箭总体设计专家,[[清华大学]]、[[麻省理工大学]],
23,王永志,Wang Yongzhi,王永志.jpg,男,中国,1932年11月17日,,,[[北京航空航天大学]]、莫斯科航空学院,
24,王希季,Wang Xiji,王希季.jpg,男,中国,1921年7月26日,,中国卫星与返回技术专家,西南联合大学、弗吉尼亚理工学院,
25,戚发轫,Qi Faren,戚发轫.jpg,男,中国,1933年4月26日,,空间技术专家，神舟飞船总设计师,[[北京航空航天大学]],北京航空航天大学宇航学院名誉院长
26,孙来燕,Sun Laiyan,孙来燕.jpg,男,中国,1957年10月,,,[[西安交通大学]],
27,孙家栋,Sun Jiadong,孙家栋.jpg,男,中国,1929年4月8日,,运载火箭与卫星技术专家,茹科夫斯基空军工程学院,
28,陈芳允,Chen Fangyun,陈芳允.jpg,男,中国,1916年4月3日,2000年4月29日,,清华大学,中国卫星测量技术的奠基人之一
29,竺苗龙,Zhu Miaolong,竺苗龙.jpg,男,中国,1942年4月,,航天力学专家,浙江大学,青岛大学名誉校长
30,欧阳自远,Ouyang Ziyuan,欧阳自远.jpg,男,中国,1935年10月9日,,天体化学与地球化学家,中国地质大学,中国月球探测工程首席科学家
31,杜庆华,Du Qinghua,杜庆华.jpg,男,中国,1919年4月14日,2006年11月5日,固体力学家,交通大学,
32,范瑞祥,Fan Ruixiang,范瑞祥.jpg,男,中国,1965年6月,,,[[北京航空航天大学]],
33,胡海昌,Hu Haichang,胡海昌.jpg,男,中国,1928年4月25日,2011年2月21日,航天力学专家,[[浙江大学]],
34,胡世祥,Hu Shixiang,胡世祥.jpg,男,中国,1940年6月,,,[[哈尔滨工业大学]],中国载人航天工程副总指挥
35,黄春平,Huang Chunping,黄春平.jpg,男,中国,1938年,,,北京工业学院,
36,黄纬禄,Huang Weilu,黄纬禄.jpg,男,中国,1916年12月18日,2011年11月23日,火箭与导弹控制技术专家,[[南京大学]]、伦敦大学帝国学院,
37,龙乐豪,Long Lehao,龙乐豪.jpg,男,中国,1938年7月4日,,运载火箭与航天工程专家,[[上海交通大学]],
38,栾恩杰,Luan Enjie,栾恩杰.jpg,男,中国,1940年10月25日,,导弹控制技术和航天工程管理专家,[[清华大学]],中国嫦娥工程总指挥
39,卫一清,Wei Yiqing,卫一清.jpg,男,中国,1915年,1988年4月21日,,山西大学,
40,叶培建,Ye Peijian,叶培建.jpg,男,中国,1945年1月29日,,人民科学家、空间飞行器总体、信息处理专家,[[浙江大学]],南京航空航天大学航天学院院长
41,庄逢甘,Zhuang Fenggan,庄逢甘.jpg,男,中国,1925年2月11日,2010年11月8日,空气动力学家,交通大学,中国风洞试验开拓者
42,任新民,Ren Xinmin,任新民.jpg,男,中国,1915年12月5日,2017年2月12日,航天技术与液体火箭发动机技术专家,重庆军政部兵工学校、美国密执安大学研究院,
43,江绵恒,Jiang Mianheng,江绵恒.jpg,男,中国,1951年,,上海科技大学校长,[[复旦大学]],[[创新一号]]首席科学家、嫦娥工程副总指挥
44,张贵田,Zhang Guitian,张贵田.jpg,男,中国,1931年12月20日,,,莫斯科航空学院,
45,张其彬,Zhang Qibin,张其彬.jpg,男,中国,1935年11月,2014年12月15日,,[[哈尔滨工业大学]],
46,张庆伟,Zhang Qingwei,张庆伟.jpg,男,中国,1961年11月,,,[[西北工业大学]],
47,梁思礼,Liang Sili,梁思礼.jpg,男,中国,1924年8月24日,2016年4月14日,导弹控制专家,美国普渡大学、辛辛那提大学,
48,梁守槃,Liang Shoupan,梁守槃.jpg,男,中国,1916年4月13日,2009年9月5日,航天工程专家,[[清华大学]]、[[麻省理工大学]],
49,刘振兴,Liu Zhenxing,刘振兴.jpg,男,中国,1929年9月14日,2016年3月23日,,[[南京大学]],
50,刘永坦,Liu Yongtan,刘永坦.jpg,男,中国,1936年12月1日,,,哈尔滨工业大学、清华大学、成都电讯工程学院、英国伯明翰大学,
51,谢光选,Xie Guangxuan,谢光选.jpg,男,中国,1922年11月5日,2016年2月22日,,重庆兵工学校,
52,蔡金涛,Cai Jintao,蔡金涛.jpg,男,中国,1908年7月1日,1996年11月28日,,交通部南洋大学、[[哈佛大学]],
53,陆元九,Lu Yuanjiu,陆元九.jpg,男,中国,1920年1月9日,,自动控制、陀螺及惯性导航技术专家,南京大学、麻省理工学院,
54,闵桂荣,Min Guirong,闵桂荣.jpg,男,中国,1933年6月2日,2021年4月28日,工程热物理学及空间技术专家,厦门大学、东南大学,
55,李济生,Li Jisheng,李济生.jpg,男,中国,1943年5月31日,2019年7月28日,人造卫星轨道动力学和卫星测控专家,南京大学,
56,姜杰,Jiang Jie,姜杰.jpg,女,中国,1960年7月,,运载火箭导航制导与控制专家,[[国防科技大学]],
57,潘先觉,Pan Xianjue,0,男,中国,1930年10月,,航天动力学家,交通大学,
58,谢尔盖·帕夫洛维奇·科罗廖夫,Sergei Korolev,Korolyov.jpg,男,苏联,1907年1月12日,1966年1月14日,火箭工程师、火箭设计师,莫斯科鲍曼高等技术学校,R-1弹道导弹的主持研发者、R-7洲际导弹的主导研究者、[[斯普特尼克1号]]的设计者和研发者、[[东方号载人飞船]]的总设计师
59,弗拉基米尔·阿克肖诺夫,Vladimir Aksyonov,1980_CPA_5108.jpg,男,苏联,,,航天员,,[[联盟-22]]、[[联盟 T-2]]航天员
60,亚历山大·帕夫洛维奇·亚历山德罗夫,Aleksandr Pavlovich Aleksandrov,Aleksandr_Pavlovich_Aleksandrov.jpg,男,苏联,,,航天员,,[[联盟T-9]]、[[联盟TM-3]]航天员
61,阿纳托利·阿特塞巴斯基,Anatoly Artsebarsky,Космонавт_Анатолий_Павлович_Арцебарский_Екатеринбург_18_апреля_2019_года.jpg,男,苏联,,,航天员,,[[联盟TM-12]]航天员（发射时为苏联公民）
62,尤里·阿图金,Yuri Artyukhin,Yuri_Petrovich_Artyukhin.jpg,男,苏联,1930年,1998,航天员,,[[联盟-14]]航天员
63,奥列格·阿特科夫,Oleg Atkov,Oleg_Aktov_(cropped).jpg,男,苏联,,,航天员,,[[联盟T-10]]、[[联盟T-11]]航天员
64,托克塔尔·奥巴基洛夫,Toktar Aubakirov,Stamp_of_Kazakhstan_276.jpg,男,苏联,,,航天员,,[[联盟TM-13]]/[[联盟TM-12|12]]航天员
65,亚历山大·尼古拉耶维奇·巴兰丁,Aleksandr Nikolayevich Balandin,Баландин.jpg,男,苏联,,,航天员,,[[联盟TM-9]]航天员
66,帕维尔·贝利亚耶夫,Pavel Belyayev,Pavel_Ivanovich_Belyayev.jpg,男,苏联,1925年,1970,航天员,,[[上升2号]]航天员
67,格奥尔基·别列戈沃伊,Georgi Beregovoi,The_Soviet_Union_1968_CPA_3699_stamp_(Pilot-Cosmonaut_of_the_USSR_Georgy_Beregovoy_and_Carrier_Rocket_Start).png,男,苏联,1921年,1995,航天员,,[[联盟-3]]航天员
68,阿纳托利·别列佐沃伊,Anatoli Berezovoy,Березовой_Анатолий_Николаевич.jpg,男,苏联,1942,2014,航天员,,[[联盟T-5号]]/[[联盟T-7|7]]航天员
69,瓦伦丁·邦达连科,Valentin Bondarenko,Bondarenko_valentin.jpg,男,苏联,1937,1961,航天员,,<!-- 无飞行任务，死于训练相关的火灾事故 -->
70,瓦列里·费奥多罗维奇·贝科夫斯基,Valery Fyodorovich Bykovsky,WaleriBykowski.jpg,男,苏联,,,航天员,,[[东方5号]]、[[联盟-22]]、[[联盟-31]]/[[联盟-29|29]]航天员
71,格奥尔基·多布罗沃尔斯基,Georgi Dobrovolski,Georgy_Dobrovolsky.jpg,男,苏联,1928,1971,航天员,,[[联盟-11]]航天员
72,列夫·戴奥明,Lev Dyomin,Lev_Stepanovich_Dyomin.jpg,男,苏联,1926,1998,航天员,,[[联盟-15]]航天员
73,弗拉基米尔·贾尼别科夫,Vladimir Dzhanibekov,Vladimir_Dzhanibekov_(cropped).jpg,男,苏联,,,航天员,,[[联盟-27]]/[[联盟-26|26]]、[[联盟-39]]、[[联盟T-6]]、[[联盟T-12]]、[[联盟T-13]]航天员
74,康斯坦丁·费奥基斯托夫,Konstantin Feoktistov,Konstantin_Petrovich_Feoktistov.jpg,男,苏联,1926,2009,航天员,,[[上升1号]]航天员
75,阿纳托利·菲利琴科,Anatoly Filipchenko,Soyuz_16Apollo-Soyuz.png,男,苏联,,,航天员,,[[联盟-7]]、[[联盟-16]]航天员
76,尤里·加加林,Yuri Gagarin,Yuri_Gagarin_(1961)_-_Restoration.jpg,男,苏联,1934,1968,航天员,,人类历史上的首位宇航员、[[东方1号]]航天员
77,尤里·格拉兹科夫,Yuri Glazkov,Yuri_Nikolayevich_Glazkov_photo.jpg,男,苏联,1939,2008,航天员,,[[联盟-24]]航天员
78,维克多·戈尔巴特科,Viktor Gorbatko,Viktor_Gorbatko_21.jpg,男,苏联,,,航天员,,[[联盟-7]]、[[联盟-24]]、[[联盟-37]]/[[联盟-36|36]]航天员
79,格奥尔基·格雷奇科,Georgi Grechko,Georgy_Grechko.jpg,男,苏联,1931,2017,航天员,,[[联盟-17]]、[[联盟-26]]/[[联盟-27|27]]、[[联盟T-14]]/[[联盟T-13|13]]航天员
80,阿列克谢·古巴列夫,Aleksei Gubarev,Cosmonaut_Aleksei_Gubarev_(cropped).jpg,男,苏联,,,航天员,,[[联盟-17]]、[[联盟-28]]航天员
81,亚历山大·伊万琴科夫,Aleksandr Ivanchenkov,Kovalenok_and_Ivanchenkov.jpg,男,苏联,,,航天员,,[[联盟-29]]/[[联盟-31|31]]航天员
82,叶夫根尼·赫鲁诺夫,Yevgeny Khrunov,Yevgeny_Khrunov_2020_stamp_of_Transnistria.jpg,男,苏联,1933,2000,航天员,,[[联盟-5]]/[[联盟-4|4]]航天员
83,列奥尼德·奇兹米,Leonid Kizim,Leonid_Denisovich_Kizim.jpg,男,苏联,1941,2010,航天员,,[[联盟T-3]]、[[联盟T-10]]/[[联盟T-11|11]]、[[联盟T-15]]航天员
84,皮特·克里穆克,Petr Klimuk,Пётр_Клімук.jpg,男,苏联,,,航天员,,[[联盟-13]]、[[联盟-18]]、[[联盟-30]]航天员
85,彼得·科洛丁,Pyotr Kolodin,pyotr kolodin.jpg,男,苏联,,,航天员,,多次任务的备份航天员，没有太空飞行
86,弗拉基米尔·科马罗夫,Vladimir Mikhaylovich Komarov,Vladimir_Mikhailovich_Komarov_photo_portrait.jpg,男,苏联,1927,1967,航天员,,[[上升1号]]、[[联盟-1]]航天员
87,弗拉基米尔·科瓦廖克,Vladimir Kovalyonok,Vladimir_Kovalyonok_05.jpg,男,苏联,,,航天员,,[[联盟-25]]、[[联盟-29]]/[[联盟-31|31]]、[[联盟T-4]]航天员
88,瓦列里·库巴索夫,Valeri Kubasov,Valeriy_N._Kubasov_ASTP_portrait_-_cropped.jpg,男,苏联,1935年,2019年,航天员,,[[联盟-6]]、[[联盟-19]]、[[联盟-36]]/[[联盟-35|35]]航天员
89,瓦西里·拉扎列夫,Vasili Lazarev,Vasily_Grigoryevich_Lazarev.jpg,男,苏联,1928,1990,航天员,,[[联盟-12]]、[[联盟-18a]]航天员
90,瓦伦丁·列别捷夫,Valentin Lebedev,1983_CPA_5386.jpg,男,苏联,,,航天员,,[[联盟-13]]、[[联盟T-5]]/[[联盟T-7|7]]航天员
91,阿列克谢·列昂诺夫,Alexei Leonov,Alexei_Leonov.jpg,男,苏联,1934,2019,航天员,,首个太空行走的人类、[[上升2号]]、[[联盟-19]]航天员
92,阿纳托利·列夫琴科,Anatoli Levchenko,Anatoly_Semyonovich_Levchenko.jpg,男,苏联,1941,1988,航天员,,[[联盟TM-4]]/[[联盟TM-3|3]]航天员
93,弗拉基米尔·利亚霍夫,Vladimir Lyakhov,Vladimir_Afanasyevich_Lyakhov.jpg,男,苏联,,,航天员,,[[联盟-32]]/[[联盟-34|34]]、[[联盟T-9]]、[[联盟TM-6]]、[[联盟TM-5/5]]航天员
94,奥列格·格里戈耶维奇·马卡罗夫,Oleg Grigoryevich Makarov,Oleg_Grigoryevich_Makarov.jpg,男,苏联,1933,2003,航天员,,[[联盟-12]]、[[联盟(18A)]]、[[联盟-27]]/[[联盟-26|26]]、[[联盟T-3]]航天员
95,尤里·马利舍夫,Yuri Malyshev,Yuri_Vasilyevich_Malyshev.jpg,男,苏联,1941,1999,航天员,,[[联盟T-2]]、[[联盟T-11]]/[[联盟T-10|10]]航天员
96,穆萨·马纳罗夫,Musa Manarov,U2mir_musa_manarov.jpg,男,苏联,,,航天员,,[[联盟TM-4]]/[[联盟TM-6|6]]、[[联盟TM-11]]航天员
97,塔尔加特·穆萨巴耶夫,Talgat Musabayev,Talgat_Musabayev.jpg,男,苏联/哈萨克斯坦,,,航天员,,[[联盟TM-19]]、[[联盟TM-27]]、[[联盟TM-32]]/[[联盟TM-31|31]]航天员
98,格里戈里·内柳博夫,Grigori Nelyubov,Grigory_Grigoryevich_Nelyubov.jpg,男,苏联,1934,1966,航天员,,东方系列多次任务的备份航天员
99,安德烈扬·尼古拉耶夫,Andriyan Nikolayev,Andriyan_Nikolayev_1976.jpg,男,苏联,1929,2004,航天员,,[[东方3号]]、[[联盟-9]]航天员
100,维克多·帕特萨耶夫,Viktor Patsayev,Viktor_Ivanovich_Patsayev.jpg,男,苏联,1933,1971,航天员,,[[联盟-11]]航天员
101,列奥尼德·波波夫,Leonid Popov,Leonid_Popov.jpg,男,苏联,,,航天员,,[[联盟-35]]/[[联盟-37|37]]、[[联盟-40]]、[[联盟T-7]]/[[联盟T-5|5]]航天员
102,帕维尔·波波维奇,Pavel Popovich,Pavel_Popovich.jpg,男,苏联,1930,2009,航天员,,[[东方4号]]、[[联盟-14]]航天员
103,尤里·罗马年科,Yuri Romanenko,YuriRomanenko.jpg,男,苏联,,,航天员,,[[联盟-26]]/[[联盟-27|27]]、[[联盟-38]]、[[联盟TM-2]]/[[联盟TM-3|3]]航天员
104,瓦列里·罗日德斯文斯基,Valery Rozhdestvensky,Valery_Ilyich_Rozhdestvensky.jpg,男,苏联,,,航天员,,[[联盟-23]]航天员
105,尼古拉·鲁卡维什尼科夫,Nikolay Rukavishnikov,Nikolai_Nikolayevich_Rukavishnikov.jpg,男,苏联,1932,2002,航天员,,[[联盟-10]]、[[联盟-16]]、[[联盟-33]]航天员
106,根纳迪·萨拉法诺夫,Gennadi Sarafanov,1974_CPA_4403.jpg,男,苏联,1942,2005,航天员,,[[联盟-15]]航天员
107,维克多·萨维尼赫,Viktor Savinykh,Viktor_Savinykh,男,苏联,,,航天员,,[[联盟T-4]]、[[联盟T-13]]/[[联盟T-14|14]]航天员
108,斯韦特兰娜·萨维茨卡娅,Svetlana Savitskaya,Svetlana_Savitskaya,女,苏联,,,航天员,,[[联盟T-7]]/[[联盟T-5|5]]、[[联盟T-12]]航天员
109,维塔利·塞瓦斯蒂亚诺夫,Vitali Sevastyanov,Pv-sevastyanov-v-i-2002-face.jpg,男,苏联,1935,2010,航天员,,[[联盟-9]]、[[联盟-18]]航天员
110,弗拉基米尔·沙塔洛夫,Vladimir Shatalov,Vladimir_Shatalov.jpg,男,苏联,,,航天员,,[[联盟-4]]、[[联盟-8]]、[[联盟-10]]航天员
111,格奥尔基·绍宁,Georgi Shonin,Georgy_Stepanovich_Shonin.jpg,男,苏联,1935,1997,航天员,,[[联盟-6]]航天员
112,弗拉基米尔·索洛夫约夫,Vladimir Solovyov,Vladimir_Solovyov_flight_director.jpg,男,苏联,,,航天员,,[[联盟T-10]]/[[联盟T-11|11]]、[[联盟T-15]]航天员
113,瓦莲京娜·捷列什科娃,Valentina Tereshkova,Valentina_Tereshkova_(2017-03-06).jpg,女,苏联,,,航天员,,首位女性航天员、[[东方6号]]航天员
114,格尔曼·季托夫,Gherman Titov,German_Titov.JPG,男,苏联,1935,2000,航天员,,[[东方2号]]航天员
115,弗拉基米尔·瓦苏丁,Vladimir Vasyutin,Vladimir_Vladimirovich_Vasyutin.jpg,男,苏联,1952,2002,航天员,,[[联盟T-14]]航天员
116,伊戈尔沃尔克,Igor Volk,Igor_Volk_2.jpg,男,苏联,,,航天员,,[[联盟T-12]]航天员
117,弗拉迪斯拉夫·沃尔科夫,Vladislav Volkov,Kosmonaut_Vladislav_Volkov.jpg,男,苏联,1935,1971,航天员,,[[联盟-7]]、[[联盟-11]]航天员
118,鲍里斯·沃利诺夫,Boris Volynov,Boris_Volynov_2016.jpg,男,苏联,,,航天员,,[[联盟-5]]、[[联盟-21]]航天员
119,鲍里斯·叶戈罗夫,Boris Yegorov,Image_of_Boris_Yegorov.jpg,男,苏联,1937,1994,航天员,,[[上升1号]]航天员
120,阿列克谢·叶利塞耶夫,Aleksei Yeliseyev,Aleksei Yeliseyev.jpg,男,苏联,,,航天员,,[[联盟-5]]/[[联盟-4|4]]、[[联盟-8]]、[[联盟-10]]航天员
121,维塔利·日洛博夫,Vitaliy Zholobov,Soyuz-21.jpg,男,苏联,,,航天员,,[[联盟-21]]航天员
122,维亚切斯拉夫·祖多夫,Vyacheslav Zudov,Soyuz-23.JPG,男,苏联,,,航天员,,[[联盟-23]]航天员
123,亚历山大·拉维金,Aleksandr Laveykin,Лавейкин_А._И..jpg,男,苏联,,,航天员,,[[联盟TM-2]]航天员
124,维克托·阿法纳耶夫,Viktor M. Afanasyev,Viktor_Afanasyev_on_the_ISS.jpg,男,苏联/俄罗斯,,,航天员,,[[联盟TM-11]]、[[联盟TM-18]]、[[联盟TM-29]]、[[联盟TM-33]]/[[联盟TM-32|32]]航天员
125,谢尔盖·克里卡列夫,Sergei Krikalev,Sergei_Krikalev.jpg,男,苏联/俄罗斯,,,航天员,,[[联盟TM-7]]、[[联盟TM-12]]/[[联盟TM-13|13]]、STS-60、STS-88、[[联盟TM-31]]/STS-102、[[联盟TMA-6]]航天员
126,根纳迪·马纳科夫,Gennadi Manakov,Gennady_Mikhailovich_Manakov.jpg,男,苏联/俄罗斯,,,航天员,,[[联盟TM-10]]、[[联盟TM-16]]航天员
127,瓦莱里·波利亚科夫,Valeri Polyakov,Valery_Polyakov.jpg,男,苏联/俄罗斯,,,航天员,,[[联盟TM-6]]/[[联盟TM-7|7]]、[[联盟TM-18]]/[[联盟TM-20|20]]航天员
128,瓦列里·留明,Valery Ryumin,Ryumin,男,苏联/俄罗斯,1939,2022,航天员,,[[联盟-25]]、[[联盟-32]]/[[联盟-34|34]]、[[联盟35]]/[[联盟-37|37]]、STS-91航天员
129,亚历山大·塞雷布罗夫,Aleksandr Serebrov,Aleksandr_Aleksandrovich_Serebrov.jpg,男,苏联/俄罗斯,1944,2013,航天员,,[[联盟T-7]]/[[联盟T-5|5]]、[[联盟T-8]]、[[联盟TM-8]]、[[联盟TM-17]]航天员
130,阿纳托利·索洛维约夫,Anatoly Solovyev,KSC-95EC-0904.jpg,男,苏联/俄罗斯,,,航天员,,[[联盟TM-5]]/[[联盟TM-4|4]]、[[联盟TM-9]]、[[联盟TM-15]]、STS-71/[[联盟TM-21]]、[[联盟TM-26]]航天员
131,根纳迪·斯特雷卡洛夫,Gennady Strekalov,Gennady_Strekalov.jpg,男,苏联/俄罗斯,1940,2004,航天员,,[[联盟T-3]]、[[联盟T-8]]、[[联盟T-11]]/[[联盟T-10|10]]、[[联盟TM-21]]/STS-71航天员
132,弗拉基米尔·季托夫,Vladimir Titov,vladimir titov.jpg,男,苏联/俄罗斯,,,航天员,,[[联盟T-8]]、[[联盟TM-4]]/[[联盟TM-6|6]]、STS-63、STS-86航天员
133,亚历山大·维克托连科,Alexander Viktorenko,Aleksandr_Viktorenko.JPG,男,苏联/俄罗斯,,,航天员,,[[联盟TM-3]]/[[联盟TM-2|2]]、[[联盟TM-8]]、[[联盟TM-14]]、[[联盟TM-20]]航天员
134,亚历山大·亚历山大诺维奇·沃尔科夫,Alexander Alexandrovich Volkov,Aleksandr_Volkov_Geek_Picnic_(cropped).jpg,男,苏联/俄罗斯,,,航天员,,[[联盟T-14]]、[[联盟TM-7]]、[[联盟TM-13]]航天员
135,奥列格·阿尔特梅耶夫,Oleg Artemyev,Oleg_Artemyev_in_2021.jpg,男,俄罗斯,,,航天员,,[[联盟TMA-12M]]、[[联盟MS-08]]、[[联盟MS-21]]航天员
136,谢尔盖·阿夫德耶夫,Sergei Avdeyev,Sergey_Avdeev.jpg,男,俄罗斯,,,航天员,,[[联盟TM-15]]、[[联盟TM-22]]航天员
137,尤里·巴图林,Yuri Baturin,Yuri_Baturin_2001.jpg,男,俄罗斯,,,航天员,,[[联盟TM-28]]/[[联盟TM-27|27]]、[[联盟TM-32]]/[[联盟TM-31|31]]航天员
138,安德烈·博里森科,Andrei Borisenko,Andrei_Borisenko_2011.jpg,男,俄罗斯,,,航天员,,[[联盟TMA-21]]、[[联盟MS-02]]航天员
139,尼古拉·布达林,Nikolai Budarin,Budarin,男,俄罗斯,,,航天员,,STS-71/[[联盟TM-21]]、[[联盟TM-27]]、[[STS-113]]/[[联盟TMA-1]]航天员
140,弗拉基米尔·德朱罗夫,Vladimir Dezhurov,Vladimir_Dezhurov.jpg,男,俄罗斯,,,航天员,,[[联盟TM-21]]/STS-71航天员
141,彼得·杜布罗夫,Pyotr Dubrov,Pyotr_Dubrov_in_2021.jpg,男,俄罗斯,,,航天员,,[[联盟MS-18]]、[[联盟MS-19]]航天员
142,尤里·吉登科,Yuri Gidzenko,Yuri_Gidzenko.jpg,男,俄罗斯,,,航天员,,[[联盟TM-22]]、[[联盟TM-31]]/STS-102、[[联盟TM-34]]/[[联盟TM-33|33]]航天员
143,阿纳托利·伊万尼辛,Anatoli Ivanishin,Anatoli_Ivanishin_2011.jpg,男,俄罗斯,,,航天员,,[[联盟TMA-22]]、[[联盟MS-16]]航天员
144,亚历山大·卡列里,Alexander Kaleri,Kaleri.png,男,俄罗斯,,,航天员,,[[联盟TM-14]]、[[联盟TM-24]]、[[联盟TM-30]]、[[联盟TMA-3]]、[[联盟TMA-01M]]航天员
145,安娜·基基娜,Anna Kikina,Anna_Kikina_Official_Portrait.jpg,女,俄罗斯,,,航天员,,[[载人龙-5]]航天员
146,叶琳娜·康达科娃,Yelena Kondakova,Yelena_Kondakova.jpg,男,俄罗斯,,,航天员,,[[联盟TM-20]]/STS-84航天员
147,德米特里·孔德拉蒂耶夫,Dmitri Kondratyev,Dmitri_Kondratyev_2010.jpg,男,俄罗斯,,,航天员,,[[联盟TMA-20]]航天员
148,奥列格·科诺连科,Oleg Kononenko,'A_Beautiful_Planet'_World_Premiere_(NHQ201604160010).jpg,男,俄罗斯,,,航天员,,[[联盟TMA-12]]、[[联盟TMA-03M]]、[[联盟MS-11]]航天员
149,米哈伊尔·科尼延科,Mikhail Korniyenko,Mikhail_Korniyenko_cropped.jpg,男,俄罗斯,,,航天员,,[[联盟TMA-18]]、[[联盟TMA-16M]]/[[联盟TMA-18M|18M]]航天员
150,谢尔盖·科尔萨科夫,Sergey Korsakov,Sergey_Korsakov_in_2021.jpg,男,俄罗斯,,,航天员,,[[联盟MS-21]]航天员
151,瓦莱里·科尔松,Valery Korzun,NASA_KorzunGrigorievichValery.jpeg,男,俄罗斯,,,航天员,,[[联盟TM-24]]、STS-111/113航天员
152,奥列格·科托夫,Oleg Kotov,Oleg_Kotov.jpg,男,俄罗斯,,,航天员,,[[联盟TMA-10]]、[[联盟TMA-17]]、[[联盟TMA-10M]]航天员
153,康斯坦丁·科泽耶夫,Konstantin Kozeyev,Konstantin_Kozeyev_in_the_Zvezda_Service_Module.jpg,男,俄罗斯,,,航天员,,[[联盟TM-33]]/[[联盟TM-32|32]]航天员
154,谢尔盖·库德·斯维尔奇科夫,Sergey Kud-Sverchkov,Sergey_Kud-Sverchkov.jpg,男,俄罗斯,,,航天员,,[[联盟MS-17]]航天员
155,亚历山大·拉祖特金,Aleksandr Lazutkin,Lazutkin.jpg,男,俄罗斯,,,航天员,,[[联盟TM-25]]航天员
156,尤里·隆查科夫,Yuri Lonchakov,Yuri_Lonchakov.jpg,男,俄罗斯,,,航天员,,STS-100、[[联盟TMA-1]]/[[联盟TM-34|TM-34]]、[[联盟TMA-13]]航天员
157,尤里·马连琴科,Yuri Malenchenko,YMalenchenko_Expedition7.jpg,男,俄罗斯,,,航天员,,[[联盟TM-19]]、[[STS-106]]、[[联盟TMA-2]]、[[联盟TMA-11]]、[[联盟TMA-05M]]、[[联盟TMA-19M]]航天员
158,丹尼斯·马特维耶夫,Denis Matveev,Denis_Matveev_in_2021_(b).jpg,男,俄罗斯,,,航天员,,[[联盟MS-21]]航天员
159,亚历山大·米苏尔金,Aleksandr Misurkin,Aleksandr_Misurkin_in_2017.jpg,男,俄罗斯,,,航天员,,[[联盟TMA-08M]]、[[联盟MS-06]]、[[联盟MS-20]]航天员
160,鲍里斯·莫鲁科夫,Boris Morukov,Morukov32.jpg,男,俄罗斯,,,航天员,,STS-106航天员
161,奥列格·诺维茨基,Oleg Novitskiy,Oleg_Novitskiy_2016.jpg,男,俄罗斯,,,航天员,,[[联盟TMA-06M]]、[[联盟MS-18]]航天员
162,尤里·奥努弗里恩科,Yuri Onufrienko,Yuri_Onufrienko.jpg,男,俄罗斯,,,航天员,,[[联盟TM-23]]、STS-108/111航天员
163,亚历山大·奥夫奇宁,Aleksey Ovchinin,Aleksey_Ovchinin.jpg,男,俄罗斯,,,航天员,,[[联盟TMA-20M]]航天员
164,德米特里·佩特林,Dmitry Petelin,Dmitry_Petelin_(cropped).jpg,男,俄罗斯,,,航天员,,[[联盟MS-22]]航天员
165,亚历山大·波列什丘克,Alexander Poleshchuk,Alexander Poleshchuk.jpg,男,俄罗斯,,,航天员,,[[联盟TM-16]]航天员
166,谢尔盖·普罗科皮耶夫,Sergey Prokopyev,Sergey_Prokopyev_-_NASA_portrait.jpg,男,俄罗斯,,,航天员,,[[联盟MS-09]]、[[联盟MS-22]]航天员
167,谢尔盖·雷文,Sergei Revin,Sergei_Revin_2012.jpg,男,俄罗斯,,,航天员,,[[联盟TMA-04M]]航天员
168,罗曼·罗曼尼科,Roman Romanenko,Roman_Romanenko.jpg,男,俄罗斯,,,航天员,,[[联盟TMA-15]]、[[联盟TMA-07M]]航天员
169,谢尔盖·龙赞斯基,Sergey Ryazansky,Sergey_Ryazansky_2013.jpg,男,俄罗斯,,,航天员,,[[联盟TMA-10M]]航天员
170,谢尔盖·里日科夫,Sergey Ryzhikov,Sergey_Ryzhikov_at_the_Gagarin_Cosmonaut_Training_Center_in_Star_City.jpg,男,俄罗斯,,,航天员,,[[联盟MS-02]]、[[联盟MS-17]]航天员
171,亚历山大·萨莫库蒂耶夫,Aleksandr Samokutyayev,Aleksandr_Samokutyayev_2011.jpg,男,俄罗斯,,,航天员,,[[联盟TMA-21]]、[[联盟TMA-14M]]航天员
172,耶琳娜·塞罗娃,Yelena Serova,Yelena_Serova_(2016-03-10).JPG,女,俄罗斯,,,航天员,,[[联盟TMA-14M]]航天员
173,尤里·沙金,Yuri Shargin,Schargin,男,俄罗斯,,,航天员,,[[联盟TMA-5]]/[[联盟TMA-4|4]]航天员
174,萨利赞·沙里波夫,Salizhan Sharipov,Sharipov.jpg,男,俄罗斯,,,航天员,,STS-89、[[联盟TMA-5]]航天员
175,安东·什卡普列罗夫,Anton Shkaplerov,Expedition_53_Qualification_Exams_(NHQ201708300012)_(cropped).jpg,男,俄罗斯,,,航天员,,[[联盟TMA-22]]、[[联盟TMA-15M]]、[[联盟MS-19]]航天员
176,奥列格·斯克里波奇卡,Oleg Skripochka,Oleg_Skripochka.jpg,男,俄罗斯,,,航天员,,[[联盟TMA-01M]]航天员
177,亚历山大·斯科沃佐夫,Aleksandr Skvortsov,Alexander_Skvortsov_cropped.jpg,男,俄罗斯,,,航天员,,[[联盟TMA-18]]、[[联盟TMA-12M]]航天员
178,马克西姆·苏拉耶夫,Maksim Surayev,Maxim_Suraev.jpg,男,俄罗斯,,,航天员,,[[联盟TMA-16]]、[[联盟TMA-13M]]航天员
179,叶夫根尼·塔雷尔金,Evgeny Tarelkin,Evgeny_Tarelkin_XXVI_Planetary_Congress_2013_01.jpg,男,俄罗斯,,,航天员,,[[联盟TMA-06M]]航天员
180,瓦莱里·托卡列夫,Valery Tokarev,Valeri_Tokarev.jpg,男,俄罗斯,,,航天员,,STS-96、[[联盟TMA-7]]航天员
181,谢尔盖·特雷什乔夫,Sergei Treshchov,S_Treschev.jpg,男,俄罗斯,,,航天员,,STS-111/113航天员
182,瓦西里·齐布利耶夫,Vasili Tsibliyev,Tsibliyev.jpg,男,俄罗斯,,,航天员,,[[联盟TM-17]]、[[联盟TM-25]]航天员
183,米哈伊尔·图林,Mikhail Tyurin,Mikhail_Tyurin.jpg,男,俄罗斯,,,航天员,,STS-105/108、[[联盟TMA-9]]、[[联盟TMA-11M]]航天员
184,伊万·瓦格纳,Ivan Vagner,Expedition_63_Crew_Waves_Farewell_-_Ivan_Vagner.jpg,男,俄罗斯,,,航天员,,[[联盟MS-16]]航天员
185,帕维尔·维诺格拉多夫,Pavel Vinogradov,Pavel_Vinogradov_2013.jpg,男,俄罗斯,,,航天员,,[[联盟TM-26]]、[[联盟TMA-8]]航天员
186,谢尔盖·沃尔科夫,Sergey Volkov,Sergey_volkov_Soyuz_TMA-02M.jpg,男,俄罗斯,,,航天员,,[[联盟TMA-12]]、[[联盟TMA-02M]]、[[联盟TMA-18M]]航天员
187,费奥多尔·尤奇钦,Fyodor Yurchikhin,Fyodor_Yurchikhin_2013.jpg,男,俄罗斯,,,航天员,,STS-112、[[联盟TMA-10]]、[[联盟TMA-19]]、[[联盟TMA-09M]]航天员
188,根纳迪·帕达尔卡,Gennady Padalka,ISS_Expedition_9_crew.jpg,男,俄罗斯,,,航天员,,[[联盟TM-28]]、[[联盟TMA-4]]、[[联盟TMA-14]]、[[联盟TMA-04M]]、[[联盟TMA-16M]]航天员
189,尤里·乌萨乔夫,Yuri Usachov,Usachev.jpg,男,俄罗斯,,,航天员,,[[联盟TM-18]]、[[联盟TM-23]]、STS-101、STS-102/105航天员
190,谢尔盖·扎利奥丁,Sergei Zalyotin,Sergei_Zalyotin_2002.jpg,男,俄罗斯,,,航天员,,[[联盟TM-30]]、[[联盟TMA-1]]/[[联盟TM-34|TM-34]]航天员
191,约瑟夫·迈克尔·阿卡巴,Joseph M. Acaba,Joseph M Acaba.jpg,男,美国,1967年,,教育家、地质学家、宇航员,加州大学圣巴巴拉分校、亚利桑那大学、德克萨斯理工大学,STS-119（[[发现号]]）、远征31/32（[[联盟TMA-04M]]）、远征53/54（[[联盟MS-06]]）任务的宇航员
192,艾伦·宾,Alan Bean,Alan_Bean_NASA_portrait_(S69-38859).jpg,男,美国,1932年,2018年,,,[[阿波罗12号]]、[[天空实验室3号]]任务的宇航员
193,艾伦·G·庞德克斯特,Alan G. Poindexter,Alan_G._Poindexter.jpg,男,美国,1961年,2012年,,,STS-122、STS-131任务的宇航员
194,艾伦·谢泼德,Alan Shepard,Business_suit_portrait_of_Al_Shepard.jpg,男,美国,1923年,1998年,,,美国首个航天员，Mercury-Redstone 3、[[阿波罗14号]]、任务的宇航员
195,阿尔伯特·萨科,Albert Sacco,Albert_Sacco.jpg,男,美国,,,,,STS-73任务的宇航员
196,阿尔弗雷德·沃登,Alfred Worden,Al_Worden_Apollo_15_CMP.jpg,男,美国,1932年,2020年,,,[[阿波罗15号]]任务的宇航员
197,安德鲁·J·费尔斯特,Andrew J. Feustel,Andrewfeustelv2.jpg,男,美国,,,,,STS-125、STS-134、[[联盟MS-08]]任务的宇航员
198,安德鲁·M·艾伦,Andrew M. Allen,Andrew_allen.jpg,男,美国,,,,,STS-46、STS-62、STS-75任务的宇航员
199,安德鲁·R·摩根,Andrew R. Morgan,Andrew_R._Morgan_official_portrait_(2).jpg,男,美国,,,,,[[联盟MS-13]]任务的宇航员
200,安娜·李·费舍尔,Anna Lee Fisher,Fisher-a.jpg,女,美国,,,,,STS-51-A任务的宇航员
201,行少校麦克莱恩,Anne McClain,Anne_C._McClain_portrait.jpg,女,美国,,,,,[[联盟MS-11]]任务的宇航员
202,安东尼·卢埃林,Anthony Llewellyn,Anthony_Llewellyn.jpg,男,美国,,,,,
203,安东尼·英格兰,Anthony W. England,AnthonyWEngland.jpg,男,美国,,,,,STS-51-F任务的宇航员
204,B·阿尔文·德鲁,B. Alvin Drew,Alvin_drew-2007.jpg,男,美国,,,,,STS-118、STS-133任务的宇航员
205,芭芭拉·摩根,Barbara Morgan,Barbara_morgan.jpg,女,美国,,,,,STS-118任务的宇航员
206,迈克尔·巴瑞特,Michael Barratt,Michael Barratt.jpg,男,美国,1959年4月16日,,医学博士、宇航员,西北大学、莱特州大学,[[STS]]-133、远征19/20（[[联盟TMA-14]]）任务的宇航员
208,巴里·威尔莫尔,Barry Wilmore,Barry_Wilmore.jpg,男,美国,,,,,STS-129、[[联盟TMA-14M]]任务的宇航员
209,小伯纳德·A·哈里斯,"Bernard A. Harris, Jr.",Bernard_Anthony_Harris_Jr.jpg,男,美国,,,,,STS-55、STS-63任务的宇航员
210,贝丝·摩西,Beth Moses,Beth_Moses.jpeg,男,美国,,,,,VSS Unity VF-01任务的宇航员
211,比尔·达纳,Bill Dana,X-15_(2151457821).jpg,男,美国,,,,,[[X-15]]任务的宇航员
212,邦妮·J·邓巴,Bonnie J. Dunbar,Bonnie_J._Dunbar.jpg,女,美国,,,,,STS-61-A、STS-32、STS-50、STS-71、STS-89任务的宇航员
213,小布伦特·W·杰特,"Brent W. Jett, Jr.",Brent_Jett.jpg,男,美国,,,,,STS-72、STS-81、STS-97、STS-115任务的宇航员
214,布鲁斯特·肖,Brewster Shaw,Shaw-b.jpg,男,美国,,,,,STS-9、STS-61-B、STS-28任务的宇航员
215,布莱恩·宾尼,Brian Binnie,Brian_Binnie_by_Don_Ramey_Logan.jpg,男,美国,,,,,SpaceShipOne flight 17P任务的宇航员
216,布莱恩·达菲,Brian Duffy,Brian_Duffy.jpg,男,美国,,,,,STS-45、STS-57、STS-72、STS-92任务的宇航员
217,布莱恩·奥列里,Brian O'Leary,Brian_O'Leary.jpg,男,美国,,,,,
218,布鲁斯·麦克坎德雷斯二世,Bruce McCandless II,Bruce_McCandless_II_portrait.jpg,男,美国,1937年,2017年,,,STS-41-B、STS-31任务的宇航员
219,布鲁斯·梅尔尼克,Bruce Melnick,Bruce_E._Melnick.jpg,男,美国,,,,,STS-41、STS-49任务的宇航员
220,布莱恩·奥康纳,Bryan O'Connor,Bryan_D._O'Connor.jpg,男,美国,,,,,STS-61-B、STS-40任务的宇航员
221,巴兹·奥尔德林,Buzz Aldrin,Buzz_Aldrin.jpg,男,美国,,,,,第二个登月的人类，[[双子星座12号]]、[[阿波罗11号]]任务的宇航员
222,拜伦·利希滕贝格,Byron Lichtenberg,Byron_Lichtenberg.jpg,男,美国,,,,,STS-9、STS-45任务的宇航员
223,卡尔·米德,Carl Meade,Carl_Meade.jpg,男,美国,,,,,STS-38、STS-50、STS-64任务的宇航员
224,卡尔·沃尔兹,Carl Walz,Carl_Walz.jpg,男,美国,,,,,STS-51、STS-65、STS-79、STS-108/111任务的宇航员
225,凯瑟琳·科尔曼,Catherine Coleman,Catherine_Coleman_2009.jpg,女,美国,,,,,STS-73、STS-93、[[联盟TMA-20]]任务的宇航员
226,查尔斯·博尔登,Charles Bolden,Charles_F._Bolden,男,美国,,,,,STS-61-C、STS-31、STS-45、STS-60任务的宇航员
227,查尔斯·卡马尔达,Charles Camarda,Charles_J._Camarda.jpg,男,美国,,,,,STS-114任务的宇航员
228,查尔斯·D·沃克,Charles D. Walker,CharlesDWalker.jpg,男,美国,,,,,STS-41-D、STS-51-D、STS-61-B任务的宇航员
229,查尔斯·杜克,Charles Duke,Official_NASA_portrait_Charles_Moss_Duke_Jr.jpg,男,美国,,,,,[[阿波罗16号]]任务的宇航员
230,小查尔斯·E·布雷迪,"Charles E. Brady, Jr.",Brady_astronaut.jpg,男,美国,1951年,2006年,,,STS-78任务的宇航员
231,查尔斯·杰马尔,Charles Gemar,CharlesDGemar.jpg,男,美国,,,,,STS-38、STS-48、STS-62任务的宇航员
232,查尔斯·霍博,Charles Hobaugh,Charles_hobaugh-2006.jpg,男,美国,,,,,STS-104、STS-118、STS-129任务的宇航员
233,查尔斯·普雷克特,Charles Precourt,Charles_Precourt_-_Official_portrait_of_astronaut.jpg,男,美国,,,,,STS-55、STS-71、STS-84、STS-91任务的宇航员
234,查尔斯·韦奇,Charles Veach,Charles_Veach.jpg,男,美国,1944年,1995年,,,STS-39、STS-52任务的宇航员
235,查理·巴塞特,Charlie Bassett,Charles_Bassett_S64-31443.jpg,男,美国,1931年,1966年,,,
236,克里斯塔·麦考利夫,Christa McAuliffe,ChristaMcAuliffe.jpg,女,美国,,,,,<!-- 死于挑战者航天飞机事故 -->
237,克里斯蒂娜·汉莫克·科赫,Christina Hammock Koch,Christina_Koch_official_portrait_in_an_EMU.jpg,女,美国,,,,,第一个全女性太空行走团队成员，[[联盟MS-12]]/[[联盟MS-13|13]]、远征59/60/61任务的宇航员
238,克里斯托弗·奥特曼,Christopher Altman,Christopher Altman.jpg,男,美国,,,,,NASA训练的商业航天员
239,克里斯托弗·卡西迪,Christopher Cassidy,Chris_Cassidy_-_Official_NASA_Astronaut_Portrait_in_EMU.jpg,男,美国,,,,,STS-127、[[联盟MS-16]]任务的宇航员
240,克里斯托弗·弗格森,Christopher Ferguson,Christopher_Ferguson_in_2018.jpg,男,美国,,,,,STS-115、STS-126、STS-135任务的宇航员
241,克里斯托弗·洛里亚,Christopher Loria,Christopher_Loria.jpg,男,美国,,,,,
242,克莱顿·安德森,Clayton Anderson,Clayton_C._Anderson.jpg,男,美国,,,,,STS-117/120、STS-131任务的宇航员
243,克利夫顿·威廉姆斯,Clifton Williams,Williams-c.jpg,男,美国,1932年,1967年,,,<!-- 没有航天飞行，死于训练事故 -->
244,科特·米歇尔,Curt Michel,Michel-fc.jpg,男,美国,1934年,2015年,,,
245,柯提斯·布朗,Curtis Brown,Curtis_Brown.jpg,男,美国,,,,,STS-47、STS-66、STS-77、STS-85、STS-95、STS-103任务的宇航员
246,戴尔·加德纳,Dale Gardner,Gardner-d.jpg,男,美国,1948年,2014年,,,STS-8、STS-51-A任务的宇航员
247,丹尼尔·巴利,Daniel Barry,Daniel_Thomas_Barry.jpg,男,美国,,,,,STS-72、STS-96、STS-105任务的宇航员
248,丹尼尔·布兰登斯坦,Daniel Brandenstein,Daniel_Brandenstein.jpg,男,美国,,,,,STS-8、STS-51-G、STS-32、STS-49任务的宇航员
249,丹尼尔·伯班克,Daniel Burbank,Daniel_Burbank.jpg,男,美国,,,,,STS-106、STS-115、[[联盟TMA-22]]任务的宇航员
250,丹尼尔·布尔奇,Daniel Bursch,Daniel_Bursch.jpg,男,美国,,,,,STS-51、STS-68、STS-77、STS-108/111任务的宇航员
251,丹尼尔·塔尼,Daniel Tani,Daniel_Tani.jpg,男,美国,,,,,STS-108、STS-120/122任务的宇航员
252,大卫·格里格斯,David Griggs,Stanleydavidgriggs.jpg,男,美国,1939年,1989年,,,STS-51-D任务的宇航员
253,大卫·希尔默斯,David Hilmers,DavidCarlHilmers.jpg,男,美国,,,,,STS-51-J、STS-26、STS-36、STS-42任务的宇航员
254,大卫·利斯特玛,David Leestma,DavidCornellLeestma.jpg,男,美国,,,,,STS-41-G、STS-28、STS-45任务的宇航员
255,大卫·M·布朗,David M. Brown,David_M._Brown,男,美国,1956年,2003年,,,STS-107任务的宇航员
256,大卫·沃克,David M. Walker,Walker-dm.jpg,男,美国,1944年,2001年,,,STS-51-A、STS-30、STS-53、STS-69任务的宇航员
257,戴维·斯科特,David Scott,Dave_Scott_Apollo_15_CDR.jpg,男,美国,,,,,[[双子星座8号]]、[[阿波罗9号]]、[[阿波罗15号]]任务的宇航员
258,大卫·沃尔夫,David Wolf,DavidWolfv2.jpg,男,美国,,,,,STS-58、STS-86/89、STS-112、STS-127任务的宇航员
259,迪克·斯雷顿,Deke Slayton,Slayton.jpg,男,美国,1924年,1993年,,,[[阿波罗-联盟测试体]]任务的宇航员
260,迪克·斯科比,Dick Scobee,Scobee-fr.jpg,男,美国,1939年,1986年,,,STS-41-C、STS-51L任务的宇航员
261,多米尼克·A·安东内利,Dominic A. Antonelli,Antonelli.jpg,男,美国,,,,,STS-119、STS-132任务的宇航员
262,多米尼克·戈里,Dominic Gorie,Dom_gorie.jpg,男,美国,,,,,STS-91、STS-99、STS-108、STS-123任务的宇航员
263,唐·林德,Don Lind,Don_Lind.jpg,男,美国,,,,,STS-51-B任务的宇航员
264,唐纳德·霍尔姆奎斯特,Donald Holmquest,Donald_L._Holmquest_portrait_(S67-35799).jpg,男,美国,,,,,
265,唐纳德·麦克莫格尔,Donald McMonagle,Donald_McMonagle.jpg,男,美国,,,,,STS-39、STS-54、STS-66任务的宇航员
266,唐纳德·彼得森,Donald Peterson,Donald_Peterson-NASA-file-photo.jpg,男,美国,,,,,STS-6任务的宇航员
267,唐纳德·佩蒂特,Donald Pettit,Donald_R._Pettit.jpg,男,美国,,,,,STS-113/[[联盟TMA-1]]、STS-126、[[联盟TMA-03M]]任务的宇航员
268,唐纳德·托马斯,Donald Thomas,Donald_Thomas.jpg,男,美国,,,,,STS-65、STS-70、STS-83、STS-94任务的宇航员
269,唐纳德·威廉姆斯,Donald Williams,Williams-de.jpg,男,美国,1942年,2016年,,,STS-51-D、STS-34任务的宇航员
270,唐·埃斯利,Donn F. Eisele,Eisele_donn.jpg,男,美国,1930年,1987年,,,[[阿波罗7号]]任务的宇航员
271,多萝西·M·梅特卡夫·林登堡,Dorothy M. Metcalf-Lindenburger,Dorothy_Metcalf-Lindenburger_JSC2004-E-40090.jpg,女,美国,,,,,STS-131任务的宇航员
272,道格·尚恩,Doug Shane,Doug Shane.jpg,男,美国,,,,,SpaceShipOne 2003任务的宇航员
273,道格拉斯·G·赫尔利,Douglas G. Hurley,Douglas_Hurley_in_2018.jpg,男,美国,,,,,STS-127、STS-135、[[载人龙DM-2]]任务的宇航员
274,道格拉斯·惠洛克,Douglas Wheelock,Wheelock_Douglas.jpg,男,美国,,,,,STS-120、[[联盟TMA-19]]任务的宇航员
275,杜安·G·凯里,Duane G. Carey,Duane_G._Carey_(27990761026).jpg,男,美国,,,,,STS-109任务的宇航员
276,杜安·格拉韦林,Duane Graveline,Graveline-de.jpg,男,美国,1931年,2016年,,,
277,埃迪·怀特,Ed White,EdwardWhite.jpeg,男,美国,1930年,1967年,,,[[双子星座4号]]任务的宇航员 <!-- 死于[[阿波罗1号]]事故 -->
278,艾德加·米切尔,Edgar Mitchell,Edgar_Mitchell_cropped.jpg,男,美国,1930年,2016年,,,[[阿波罗14号]]任务的宇航员
279,爱德华·吉布森,Edward Gibson,Gibson-e.jpg,男,美国,,,,,[[天空实验室4号]]任务的宇航员
280,爱德华·吉文斯,Edward Givens,Edward_Galen_Givens.jpg,男,美国,1930年,1967年,,,
281,爱德华·卢,Edward Lu,Edward_Tsang_Lu.jpg,男,美国,,,,,STS-84、STS-106、[[联盟TMA-2]]任务的宇航员
282,艾琳·科林斯,Eileen Collins,Commander_Eileen_Collins_-_GPN-2000-001177.jpg,女,美国,,,,,STS-63、STS-84、STS-93、STS-114任务的宇航员
283,艾伦·奥乔亚,Ellen Ochoa,Ellen_Ochoa.jpg,女,美国,,,,,STS-56、STS-66、STS-96、STS-110任务的宇航员
284,艾伦·S·贝克,Ellen S. Baker,Ellen_Louise_Shulman_Baker.jpg,女,美国,,,,,STS-34、STS-50、STS-71任务的宇航员
285,埃里奥特·希,Elliot See,Elliot_See_-_S64-29933.jpg,男,美国,1927年,1966年,,,
286,鬼冢承次,Ellison Onizuka,Ellison_Shoji_Onizuka_(NASA).jpg,男,美国,1946年,1986年,,,STS-51-C、STS-51L任务的宇航员
288,埃里克·博伊,Eric A. Boe,Eric_Boe_in_2018.jpg,男,美国,1964年10月1日,,美国空军退役上校、宇航员,美国空军学院、佐治亚理工学院,空军飞行时长超过6000小时，STS-126（[[奋进号]]）、STS-133（[[发现号]]）任务的飞行员，约翰逊航天中心宇航员办公室商业乘员主任的助理
289,尤金·塞尔南,Eugene Cernan,Astronaut_Eugene_A._Cernan.jpg,男,美国,1934年,2017年,,,[[双子星座9号]]、[[阿波罗10号]]、[[阿波罗17号]]任务的宇航员
290,尤金·特里赫,Eugene Trinh,Gene_Trinh_(29028720973).jpg,男,美国,,,,,STS-50任务的宇航员
291,F·德鲁·加夫尼,F. Drew Gaffney,Drew_Gaffney.jpg,男,美国,,,,,STS-40任务的宇航员
292,费尔南多·卡尔代罗,Fernando Caldeiro,Fernando_Caldeiro.jpg,男,美国,1958年,2009年,,,
293,弗兰克·博尔曼,Frank Borman,Astronaut_Frank_Borman.jpg,男,美国,,,,,[[双子星座7号]]、[[阿波罗8号]]任务的宇航员
294,小弗兰克·L·卡尔伯森,"Frank L. Culbertson, Jr.",Frank_Culbertson_Jr.jpg,男,美国,,,,,STS-38、STS-51、STS-105/108任务的宇航员
295,弗莱德·海斯,Fred Haise,Fred_Haise.jpg,男,美国,,,,,[[阿波罗13号]]任务的宇航员
296,弗雷德里克·格雷戈里,Frederick Gregory,Col._Frederick_D._Gregory_(14573232936).jpg,男,美国,,,,,STS-51-B、STS-33、STS-44任务的宇航员
297,弗雷德里克·哈克,Frederick Hauck,Hauck-fh.jpg,男,美国,,,,,STS-7、STS-51-A、STS-26任务的宇航员
298,弗雷德里克·斯图科夫,Frederick Sturckow,Rick_Sturckow.jpg,男,美国,,,,,STS-88、STS-105、STS-117、STS-128、VSS Unity VP-03任务的宇航员
299,弗雷德里克·W·莱斯利,Frederick W. Leslie,Fred_Leslie.jpg,男,美国,,,,,STS-73任务的宇航员
300,G·大卫·洛,G. David Low,Low_David.jpg,男,美国,1956年,2008年,,,STS-32、STS-43、STS-57任务的宇航员
301,加勒特·雷斯曼,Garrett Reisman,Garrettreismanv2.jpg,男,美国,,,,,STS-123/124、STS-132任务的宇航员
302,加里·佩顿,Gary Payton,Gary_Payton.jpg,男,美国,,,,,STS-51-C任务的宇航员
303,乔治·D·赞卡,George D. Zamka,Zamka_G_NASA.jpg,男,美国,,,,,STS-120、STS-130任务的宇航员
304,乔治·尼尔森,George Nelson,Nelson-p.jpg,男,美国,,,,,STS-41-C、STS-61-C、STS-26任务的宇航员
305,杰拉德·卡尔,Gerald Carr,Gerald_P._Carr_2.jpg,男,美国,1932年,,,,[[天空实验室4号]]任务的宇航员
306,戈尔登·库勃,Gordon Cooper,Gordon_Cooper_2.jpg,男,美国,1927年,2004年,,,[[水星9号]]、[[双子星座5号]]任务的宇航员
307,戈登·富勒顿,Gordon Fullerton,Fullerton.jpg,男,美国,1936年,2013年,,,STS-3、STS-51-F任务的宇航员
308,格雷戈里·约翰逊,Gregory C. Johnson,Gregory_Carl_Johnson.jpg,男,美国,,,,,STS-125任务的宇航员
309,格雷戈里·查米托夫,Gregory Chamitoff,Gregorychamitoffv2.jpg,男,美国,,,,,STS-124/126、STS-134任务的宇航员
310,格雷戈里·约翰逊,Gregory H. Johnson,Gregory_H._Johnson.jpg,男,美国,,,,,STS-123、STS-134任务的宇航员
311,格雷戈里·哈博,Gregory Harbaugh,Gregory_J._Harbaugh_portrait.jpg,男,美国,,,,,STS-39、STS-54、STS-71、STS-82任务的宇航员
312,格雷戈里·林特里斯,Gregory Linteris,Gregory_Linteris.jpg,男,美国,,,,,STS-83、STS-94任务的宇航员
313,格雷戈里·R·怀斯曼,Gregory R. Wiseman,Gregory_R._Wiseman,男,美国,,,,,[[联盟TMA-13M]]任务的宇航员
314,圭恩·布鲁福德,Guion Bluford,Guion_Bluford.jpg,男,美国,,,,,STS-8、STS-61-A、STS-39、STS-53任务的宇航员
315,加斯·格里森,Gus Grissom,Virgil_I._(Gus)_Grissom_portrait.jpg,男,美国,1926年,1967年,,,Mercury-Redstone 4、[[双子星座3号]]任务的宇航员
316,盖伊·加德纳,Guy Gardner,Guy_Gardner.jpg,男,美国,,,,,STS-27、STS-35任务的宇航员
317,哈里森·施密特,Harrison Schmitt,Harrison_Schmitt.jpg,男,美国,,,,,[[阿波罗17号]]任务的宇航员
318,海德玛丽·斯特凡尼什恩·派珀,Heidemarie Stefanyshyn-Piper,Heidemarie_Stefanyshyn-Piper_in_white_space_suit.jpg,女,美国,,,,,STS-115、STS-126任务的宇航员
319,亨利·哈特斯菲尔德,Henry Hartsfield,Henryhartsfield.jpg,男,美国,1933年,2014年,,,STS-4、STS-41-D、STS-61-A任务的宇航员
320,杰克·D·费舍尔,Jack D. Fischer,Jack_D._Fischer,男,美国,,,,,[[联盟MS-04]]任务的宇航员
321,杰克·洛斯马,Jack Lousma,Lousma.jpg,男,美国,,,,,[[天空实验室3号]]、STS-3任务的宇航员
322,杰克·斯威格特,Jack Swigert,Jack_Swigert.jpg,男,美国,1931年,1982年,,,[[阿波罗13号]]任务的宇航员
323,詹姆斯·亚当森,James Adamson,James_Adamson.jpg,男,美国,1946年,,,,STS-28、STS-43任务的宇航员
324,詹姆斯·布克利,James Buchli,James_Buchli.jpg,男,美国,,,,,STS-51-C、STS-61-A、STS-29、STS-48任务的宇航员
325,詹姆斯·达顿,James Dutton,James_Dutton.jpg,男,美国,,,,,STS-131任务的宇航员
326,詹姆斯·F·赖利,James F. Reilly,Jim_Reilly_official_photo.jpg,男,美国,,,,,STS-89、STS-104、STS-117任务的宇航员
327,詹姆斯·H·纽曼,James H. Newman,James_H_Newman.jpg,男,美国,,,,,STS-51、STS-69、STS-88、STS-109任务的宇航员
328,詹姆斯·哈尔塞尔,James Halsell,James_Halsell.jpg,男,美国,,,,,STS-65、STS-74、STS-83、STS-94、STS-101任务的宇航员
329,詹姆斯·艾尔文,James Irwin,Jim_Irwin_Apollo_15_LMP.jpg,男,美国,1930年,,,,[[阿波罗15号]]任务的宇航员
330,詹姆斯·M·凯利,James M. Kelly,James_m_kelly.jpg,男,美国,,,,,STS-102、STS-114任务的宇航员
331,詹姆斯·M·泰勒,James M. Taylor,james_taylor.jpg,男,美国,1930年,1970年,,,<!-- 没有航天飞行，Manned Orbiting Laboratory计划训练者 -->
332,詹姆斯·麦克迪维特,James McDivitt,JamesMcDivitt.jpg,男,美国,,,,,[[双子星座4号]]、[[阿波罗9号]]任务的宇航员
333,詹姆斯·P·巴吉安,James P. Bagian,James_Philipp_Bagian.jpg,男,美国,,,,,STS-29、STS-40任务的宇航员
334,詹姆斯·帕维尔奇克,James Pawelczyk,James_A_Pawelczyk.jpg,男,美国,,,,,STS-90任务的宇航员
335,詹姆斯·范·霍夫滕,James van Hoften,Vanhoften-jda.jpg,男,美国,,,,,STS-41-C、STS-51-I任务的宇航员
336,詹姆斯·沃斯,James Voss,James_Voss.jpg,男,美国,,,,,STS-44、STS-53、STS-69、STS-101、STS-102/105任务的宇航员
337,詹姆斯·韦瑟比,James Wetherbee,James_Wetherbee.jpg,男,美国,,,,,STS-32、STS-52、STS-63、STS-86、STS-102、STS-113任务的宇航员
338,珍妮特·L·卡瓦迪,Janet L. Kavandi,JanetLKavandi-NASA.jpg,女,美国,,,,,STS-91、STS-99、STS-104任务的宇航员
339,珍妮丝·沃斯,Janice Voss,Janice_Voss.jpg,女,美国,,,,,STS-57、STS-63、STS-83、STS-94、STS-99任务的宇航员
340,贾斯明·莫赫贝利,Jasmin Moghbeli,Jasmin_Moghbeli_official_portrait.jpg,女,美国,,,,,[[载人龙-7]]的宇航员
341,杰伊·巴基,Jay C. Buckey,Jay_C._Buckey_08-23-2007.JPG,男,美国,,,,,STS-90任务的宇航员
342,珍妮特·艾普斯,Jeanette J. Epps,Jeanette_J._Epps.jpg,女,美国,,,,,
343,杰弗里·阿什比,Jeffrey Ashby,Jeffrey_S_Ashby.jpg,男,美国,,,,,STS-93、STS-100、STS-112任务的宇航员
344,杰弗里·霍夫曼,Jeffrey Hoffman,JeffreyAlanHoffman.jpg,男,美国,,,,,STS-51-D、STS-35、STS-46、STS-61、STS-75任务的宇航员
345,杰弗里·威廉姆斯,Jeffrey Williams,Jeffrey_N._Williams_2009.jpg,男,美国,,,,,STS-101、[[联盟TMA-8]]、[[联盟TMA-16]]任务的宇航员
346,杰罗姆·阿普特,Jerome Apt,Jerome_Apt.jpg,男,美国,,,,,STS-37、STS-47、STS-59、STS-79任务的宇航员
347,杰瑞·罗斯,Jerry L. Ross,Jerry_Ross.jpg,男,美国,,,,,STS-61-B、STS-27、STS-37、STS-55、STS-74、STS-88、STS-110任务的宇航员
348,杰瑞·林恩格,Jerry Linenger,Jerry_Linenger.jpg,男,美国,,,,,STS-64、STS-81/84任务的宇航员
349,杰西卡·梅尔,Jessica Meir,Jessica_Meir_portrait_in_a_WB-57_flight_suit_(3).jpg,女,美国,,,,,第一个全女性太空行走团队成员，[[联盟MS-15]]、远征61/62任务的宇航员
350,杰西卡·沃特金斯,Jessica Watkins,Jessica_Watkins_Official_NASA_Portrait_in_2021_(cropped).jpg,女,美国,,,,,[[载人龙-4]]、任务的宇航员
351,吉姆·洛威尔,Jim Lovell,James_Lovell.jpg,男,美国,,,,,[[双子星座7号]]、[[双子星座12号]]、[[阿波罗8号]]、[[阿波罗13号]]任务的宇航员
352,琼·希金博特姆,Joan Higginbotham,Joan_Higginbotham.jpg,女,美国,,,,,STS-116任务的宇航员
353,乔·爱德华兹,Joe Edwards,Joe_Edwards.jpg,男,美国,,,,,STS-89任务的宇航员
354,乔·H·恩格尔,Joe H. Engle,S71-52272_orig.jpg,男,美国,,,,,[[X-15]]、STS-2、STS-51-I任务的宇航员
355,约翰·麦凯,John B. McKay,John_B._McKay_X-15.jpg,男,美国,1922年,,,,[[X-15]]任务的宇航员
356,约翰·布拉哈,John Blaha,John_Elmer_Blaha.jpg,男,美国,,,,,STS-29、STS-33、STS-43、STS-58、STS-79/81任务的宇航员
357,约翰·卡斯帕,John Casper,John_Casper.jpg,男,美国,,,,,STS-36、STS-54、STS-62、STS-77任务的宇航员
358,约翰·D·奥利瓦斯,John D. Olivas,John_Olivas_v2.jpg,男,美国,,,,,STS-117、STS-128任务的宇航员
359,约翰·法比安,John Fabian,Fabian-jm.jpg,男,美国,,,,,STS-7、STS-51-G任务的宇航员
360,约翰·格伦,John Glenn,John_Glenn_Low_Res.jpg,男,美国,1921年,2016年,,,[[水星6号]]、STS-95任务的宇航员
361,约翰·格伦斯菲尔德,John Grunsfeld,John_Grunsfeld.jpg,男,美国,,,,,STS-67、STS-81、STS-103、STS-109、STS-125任务的宇航员
362,约翰·赫林顿,John Herrington,Herrington.jpg,男,美国,,,,,STS-113任务的宇航员
363,约翰·芬利,John L. Finley,Captain_John_L._Finley_1960s.jpg,男,美国,1935年,2006年,,,<!-- 没有航天飞行，Manned Orbiting Laboratory计划训练者 -->
364,约翰休息室,John Lounge,John_Lounge.jpg,男,美国,,,,,STS-51-I、STS-26、STS-35任务的宇航员
365,约翰·O·克莱顿,John O. Creighton,Creighton.jpg,男,美国,,,,,STS-51-G、STS-36、STS-48任务的宇航员
366,约翰·菲力普斯,John Phillips,Johnphillips_v2.jpg,男,美国,,,,,STS-100、[[联盟TMA-6]]、STS-119任务的宇航员
367,约翰·布尔,John S. Bull,John_S._Bull.jpg,男,美国,1934年,2008年,,,
368,约翰·杨,John Young,John_Watts_Young.jpg,男,美国,1930年,2018年,,,[[双子星座3号]]、[[双子星座10号]]、[[阿波罗10号]]、[[阿波罗16号]]、STS-1、STS-9任务的宇航员
369,约翰·戴维·巴顿,John-David F. Bartoe,John-David_Francis_Bartoe.jpg,男,美国,,,,,STS-51-F任务的宇航员
370,乔恩·麦克布莱德,Jon McBride,Mcbride-ja.jpg,男,美国,,,,,STS-41-G任务的宇航员
371,乔尼·基姆,Jonny Kim,Jonny_Kim_official_portrait.jpg,男,美国,,,,,
372,约瑟夫·A·沃克,Joseph A. Walker,Joseph_Albert_Walker.jpg,男,美国,1921年,1966年,,,[[X-15]]任务的宇航员
373,约瑟夫·科文,Joseph Kerwin,Astronaut_Joseph_Kerwin_portrait.jpg,男,美国,,,,,[[天空实验室2号]]任务的宇航员
374,约瑟夫·P·艾伦,Joseph P. Allen,JosephAllen.jpg,男,美国,,,,,STS-5、STS-51-A任务的宇航员
375,约瑟夫·坦纳,Joseph Tanner,Joseph_Tanner.jpg,男,美国,,,,,STS-66、STS-82、STS-97、STS-115任务的宇航员
376,乔什·卡萨达,Josh Cassada,Jsc2022e064956_alt.jpeg,男,美国,,,,,[[载人龙-5]]任务的宇航员
377,何塞·M·埃尔南德斯,José M. Hernández,Jose_Hernandez_v2.jpg,男,美国,,,,,STS-128任务的宇航员
378,朱迪斯·蕾斯尼克,Judith Resnik,Judith_A._Resnik,女,美国,,,,,STS-41D、STS-51L任务的宇航员
379,K·梅根·麦克阿瑟,K. Megan McArthur,Meganmcarthurv2.jpg,女,美国,,,,,STS-125、[[载人龙-2]]任务的宇航员
380,凯伦·尼伯格,Karen Nyberg,Karen_nyberg_v2.jpg,女,美国,,,,,STS-124、[[联盟TMA-09M]]任务的宇航员
381,卡尔·海因兹,Karl Henize,Henize.jpg,男,美国,1926年,1993年,,,STS-51-F任务的宇航员
382,卡罗尔·鲍勃科,Karol Bobko,Bobko.jpg,男,美国,,,,,STS-6、STS-51-D、STS-51-J任务的宇航员
383,凯瑟琳·鲁宾斯,Kathleen Rubins,Kate_Rubins_EMU_Portrait.jpg,男,美国,,,,,远征48、远征49、[[联盟MS-17]]任务的宇航员
384,凯思琳·希尔,Kathryn Hire,Kathryn_P._Hire.jpg,女,美国,,,,,STS-90、STS-130任务的宇航员
385,凯瑟琳·苏利文,Kathryn Sullivan,Kathryn_Sullivan,女,美国,,,,,STS-41-G、STS-31、STS-45任务的宇航员
386,凯瑟琳·索恩顿,Kathryn Thornton,KathrynThornton.jpg,女,美国,,,,,STS-33、STS-49、STS-61、STS-73任务的宇航员
207,凯拉·巴伦,Kayla Barron,Portrait_of_NASA_astronaut_Kayla_Barron_(jsc2021e044353_alt).jpg,女,美国,1987年9月19日,,宇航员、美国海军中尉指挥官,马里兰州安纳波利斯海军学院、剑桥大学,第一批进入潜艇社区的女成员、[[载人龙-3]]任务的宇航员
388,肯·马丁利,Ken Mattingly,KenBowersox.jpg,男,美国,,,,,STS-50、STS-61、STS-73、STS-82、STS-113/[[联盟TMA-1]]任务的宇航员
389,肯尼斯·鲍尔索克斯,Kenneth Bowersox,Astronaut_Thomas_K._(Ken)_Mattingly.jpg,男,美国,,,,,[[阿波罗16号]]、STS-4、STS-51-C任务的宇航员
390,肯尼斯·科克雷尔,Kenneth Cockrell,Ken_Cockrell.jpg,男,美国,,,,,STS-56、STS-69、STS-80、STS-98、STS-111任务的宇航员
391,肯尼思·D·卡梅隆,Kenneth D. Cameron,Kenneth_Cameron.jpg,男,美国,,,,,STS-37、STS-56、STS-74任务的宇航员
392,肯尼斯·哈姆,Kenneth Ham,Ken_ham_v2.jpg,男,美国,,,,,STS-124、STS-132任务的宇航员
393,肯尼斯·雷德勒,Kenneth Reightler,Kenneth_Reightler.jpg,男,美国,,,,,STS-48、STS-60任务的宇航员
394,肯特·罗明格,Kent Rominger,Kent_Rominger.jpg,男,美国,,,,,STS-73、STS-80、STS-85、STS-96、STS-100任务的宇航员
395,凯文·A·福特,Kevin A. Ford,Kevin_A._Ford.jpg,男,美国,,,,,STS-128、[[联盟TMA-06M]]任务的宇航员
396,凯文·克雷格尔,Kevin Kregel,KevinRKregel.jpg,男,美国,,,,,STS-70、STS-78、STS-87、STS-99任务的宇航员
397,凯文·P·奇尔顿,Kevin P. Chilton,Kevin_P._Chilton.jpg,男,美国,,,,,STS-49、STS-59、STS-76任务的宇航员
398,谢尔·林德格伦,Kjell N. Lindgren,Kjell_Lindgren_in_EMU.jpg,男,美国,,,,,[[联盟TMA-17M]]、[[载人龙-4]]任务的宇航员
399,劳雷尔·B·克拉克,Laurel B. Clark,Laurel_Clark,女,美国,1961年,2003年,,,STS-107任务的宇航员
400,劳伦斯·J·德卢卡斯,Lawrence J. DeLucas,Lawrence_DeLucas.jpg,男,美国,,,,,STS-50任务的宇航员
401,李·阿尔尚博,Lee Archambault,Lee_Archambault_2009.jpg,男,美国,,,,,STS-117、STS-119任务的宇航员
402,李·莫林,Lee Morin,Lee_Morin_official_portrait.jpg,男,美国,,,,,STS-110任务的宇航员
403,利兰·D·梅尔文,Leland D. Melvin,Leland_Melvin.jpg,男,美国,,,,,STS-122、STS-129任务的宇航员
404,焦立中,Leroy Chiao,Leroy_Chiao_Astronaut.jpg,男,美国,,,,,STS-65、STS-72、STS-92、[[联盟TMA-5]]任务的宇航员
405,琳达·戈德温,Linda Godwin,Linda_Godwin.jpg,女,美国,,,,,STS-37、STS-59、STS-76、STS-108任务的宇航员
406,丽莎·诺瓦克,Lisa Nowak,Lisa_M._Nowak.jpg,女,美国,,,,,STS-121任务的宇航员
407,劳埃德·哈蒙德,Lloyd Hammond,L_Blaine_Hammond.jpg,男,美国,,,,,STS-39、STS-64任务的宇航员
408,洛拉尔·奥哈拉,Loral O'Hara,Loral_O'Hara_portrait.jpg,女,美国,,,,,
409,洛伦·阿克顿,Loren Acton,Loren_Acton.jpg,男,美国,1936年,,,,STS-51-F任务的宇航员
410,罗伦·施里弗,Loren Shriver,S78-35312_orig.jpg,男,美国,,,,,STS-51-C、STS-31、STS-46任务的宇航员
411,梅·杰米森,Mae Jemison,Mae_Carol_Jemison.jpg,女,美国,,,,,STS-47任务的宇航员
412,小马里奥·伦科,"Mario Runco, Jr.",Mario_Runco_-_STS-54_Mission_Specialist.jpg,男,美国,,,,,STS-44、STS-54、STS-77任务的宇航员
413,马克·布朗,Mark Brown,Mark_Brown.jpg,男,美国,,,,,STS-28、STS-48任务的宇航员
414,马克·C·李,Mark C. Lee,M_C_lee.jpg,男,美国,,,,,STS-30、STS-47、STS-64、STS-82任务的宇航员
415,马克·凯利,Mark Kelly,Mark_Kelly,男,美国,,,,,STS-108、STS-121、STS-124、STS-134任务的宇航员
416,马克·波兰斯基,Mark Polansky,Mark_Polansky.jpg,男,美国,,,,,STS-98、STS-116、STS-127任务的宇航员
417,马克·斯塔基,Mark Stucky,Mark_Stucky.jpg,男,美国,,,,,VSS Unity VP-03任务的宇航员
418,马克·范德黑,Mark Vande Hei,Mark_Vande_Hei,男,美国,,,,,[[联盟MS-06]]、[[联盟MS-18]]、[[联盟MS-19]]任务的宇航员
419,玛莎·埃文斯,Marsha Ivins,Marsha_Ivins.jpg,女,美国,,,,,STS-32、STS-46、STS-62、STS-81、STS-98任务的宇航员
420,马丁·费特曼,Martin J. Fettman,Astronaut_martin_joseph_fettman.jpg,男,美国,,,,,STS-58任务的宇航员
421,玛丽·L·克莱夫,Mary L. Cleave,Mary_Cleave.jpg,女,美国,,,,,STS-61-B、STS-30任务的宇航员
422,玛丽·韦伯,Mary Weber,Mary_Ellen_Weber.jpg,女,美国,,,,,STS-70、STS-101任务的宇航员
423,马修·多米尼克,Matthew Dominick,Matthew_Dominick_portrait.jpg,男,美国,,,,,
424,马蒂亚斯·毛雷尔,Matthias Maurer,Matthias_Maurer,男,美国,,,,,[[载人龙-3]]任务的宇航员
425,迈克尔·阿尔斯伯里,Michael Alsbury,Michael Alsbury.jpg,男,美国,,,商业航天员,,<!-- 死于维珍银河事故 -->
426,迈克尔 贝克,Michael Baker,Michael_Allen_Baker.jpg,男,美国,,,,,STS-43、STS-52、STS-68、STS-81任务的宇航员
427,迈克尔·科茨,Michael Coats,MichaelCoats.jpg,男,美国,,,,,STS-41-D、STS-29、STS-39任务的宇航员
428,迈克尔·柯林斯,Michael Collins,Michael_Collins_(S69-31742,男,美国,1930年,,,,[[双子星座10号]]、[[阿波罗11号]]任务的宇航员
429,迈克尔·芬克,Michael Fincke,Edward_Michael_Fincke.jpg,男,美国,,,,,[[联盟TMA-4]]、[[联盟TMA-13]]、STS-134任务的宇航员
430,迈克尔·福尔曼,Michael Foreman,Michael_Foreman.jpg,男,美国,,,,,STS-123、STS-129任务的宇航员
431,迈克尔·福萨姆,Michael Fossum,Fossum_0.jpg,男,美国,,,,,STS-121、STS-124、[[联盟TMA-02M]]任务的宇航员
432,迈克尔·格恩哈特,Michael Gernhardt,Michael_Gernhardt.jpg,男,美国,,,,,STS-69、STS-83、STS-94、STS-104任务的宇航员
433,迈克尔·布鲁姆菲尔德,Michael J. Bloomfield,Michael_Bloomfield.jpg,男,美国,,,,,STS-86、STS-97、STS-110任务的宇航员
434,迈克尔·J·麦卡利,Michael J. McCulley,Astronaut_michael_mcculley.jpg,男,美国,,,,,STS-34任务的宇航员
435,迈克尔·J·史密斯,Michael J. Smith,Michael_Smith_(NASA).jpg,男,美国,1945年,1986年,,,STS-51L任务的宇航员
436,阿雷格里亚,Michael Lopez-Alegria,Michael_Lopez-Alegria.jpg,男,美国,,,,,STS-73、STS-92、STS-113、[[联盟TMA-9]]、[[载人龙Ax1]]任务的宇航员
437,迈克尔·马西莫诺,Michael Massimino,Michael_Massimino.jpg,男,美国,,,,,STS-109、STS-125任务的宇航员
438,迈克尔·马苏奇,Michael Masucci,Michael_Masucci.jpeg,男,美国,,,,,VSS Unity VF-01任务的宇航员
439,迈克尔·安德森,Michael P. Anderson,Michael_P._Anderson.jpg,男,美国,1959年,2003年,,,STS-89、STS-107任务的宇航员
440,迈克尔·R·巴拉特,Michael R. Barratt,Michael_R._Barratt_2010.jpg,男,美国,,,,,[[联盟TMA-14]]、STS-133任务的宇航员
441,迈克尔·R·克利福德,Michael R. Clifford,S90-46441_orig.jpg,男,美国,,,,,STS-53、STS-59、STS-76任务的宇航员
442,迈克尔·霍普金斯,Michael S. Hopkins,Mike_Hopkins_official_portrait_2020.jpg,男,美国,,,,,[[联盟TMA-10M]]、[[载人龙-1]]任务的宇航员
443,迈克尔·古德,Michael T. Good,Michaelgoodv2.jpg,男,美国,,,,,STS-125、STS-132任务的宇航员
444,麦克·亚当斯,Mike Adams,Michael_J_Adams_X-15.jpg,男,美国,1930年,1967年,,,<!-- 死于X15事故 -->
445,梅尔维尔,Mike Melvill,Mike_Melvill_crop.jpg,男,美国,,,,,SpaceShipOne flight 16P任务的宇航员
446,米莉·休斯·富尔福德,Millie Hughes-Fulford,NASA-MHughes-Fulford.JPG,女,美国,,,,,STS-40任务的宇航员
447,南希·J·库里,Nancy J. Currie,Nancy_Currie.jpg,女,美国,,,,,STS-57、STS-70、STS-88、STS-109任务的宇航员
448,南希·詹·戴维斯,Nancy Jan Davis,Jan_Davis.jpg,女,美国,,,,,STS-47、STS-60、STS-85任务的宇航员
449,尼尔·阿姆斯特朗,Neil Armstrong,Neil_Armstrong_pose.jpg,男,美国,1930年,2012年,,,第一个登月的人类，[[双子星座8号]]、[[阿波罗11号]]任务的宇航员
450,尼尔·伍德沃德,Neil Woodward,Neil_Woodward.jpg,男,美国,,,,,
451,尼克·海格,Nick Hague,Nick_Hague_official_portrait_in_an_EMU.jpg,男,美国,,,,,[[联盟MS-10]]、[[联盟MS-12]]任务的宇航员
452,妮可·奥纳普·曼,Nicole Aunapu Mann,Nicole_Mann_Official_Portrait.jpg,女,美国,,,,,[[载人龙-5]]任务的宇航员
453,妮可·玛丽·帕松诺·斯托特,Nicole Marie Passonno Stott,Nicole_Stott_v2.jpg,女,美国,,,,,STS-128、STS-133任务的宇航员
454,诺曼·塔加德,Norman Thagard,Thagard-ne.jpg,男,美国,,,,,STS-7、STS-51-B、STS-30、STS-42、联盟TM-21/STS-71任务的宇航员
455,欧文·加里欧特,Owen Garriott,Owen_Garriott.jpg,男,美国,1930年,2019年,,,[[天空实验室3号]]、STS-9任务的宇航员
456,梅洛伊,Pamela Melroy,Pam_Melroy_in_2022_at_JSC_02.jpg,女,美国,,,,,STS-92、STS-112、STS-120任务的宇航员
457,帕特里夏·罗伯逊,Patricia Robertson,Patricia_Robertson.jpg,女,美国,,,,,
458,帕特里克·福雷斯特,Patrick Forrester,Patrick_Forrester.jpg,男,美国,,,,,STS-105、STS-117、STS-128任务的宇航员
459,拉克哈特,Paul Lockhart,PaulLockhart.jpg,男,美国,,,,,STS-111、STS-113任务的宇航员
460,保罗·W·理查兹,Paul W. Richards,Paul_Richards.jpg,男,美国,,,,,STS-102任务的宇航员
461,保罗·韦茨,Paul Weitz,Paul_Weitz.jpg,男,美国,1932年,2017年,,,[[天空实验室2号]]、STS-6任务的宇航员
462,佩吉·威特森,Peggy Whitson,Jsc2009e146742.jpg,女,美国,,,,,STS-111/113、[[联盟TMA-11]]任务的宇航员
463,皮特·康拉德,Pete Conrad,Charles_Conrad_(S64-31465).jpg,男,美国,1930年,1999年,,,[[双子星座5号]]、[[双子星座11号]]、[[阿波罗12号]]、[[天空实验室2号]]任务的宇航员
464,皮特·奈特,Pete Knight,Pete_Knight.jpg,男,美国,,,,,[[X-15]]任务的宇航员
465,彼得·西博尔德,Peter Siebold,Peter Siebold.jpg,男,美国,,,商业航天员,,SpaceShipOne 2003任务的宇航员
466,彼得·维索夫,Peter Wisoff,Peter_Wisoffcropped.jpg,男,美国,,,,,STS-57、STS-68、STS-81、STS-92任务的宇航员
467,皮埃尔·苏厄特,Pierre Thuot,Pierre_Thuot.jpg,男,美国,,,,,STS-36、STS-49、STS-62任务的宇航员
468,拉贾·查里,Raja Chari,Raja_Chari,男,美国,,,,,[[载人龙-3]]任务的宇航员
469,兰道夫·布雷斯尼克,Randolph Bresnik,Randolph_J._Bresnik.jpg,男,美国,,,,,STS-129任务的宇航员
470,瓦尔海姆,Rex Walheim,Rex_J._Walheim.jpg,男,美国,,,,,STS-110、STS-122、STS-135任务的宇航员
471,里娅·塞顿,Rhea Seddon,MRSeddon.jpg,女,美国,,,,,STS-51-D、STS-40、STS-58任务的宇航员
472,理查德·戈登,Richard Gordon,RichardFGordon.jpg,男,美国,1929年,2017年,,,[[双子星座11号]]、[[阿波罗12号]]任务的宇航员
473,理查德·赫耶布,Richard Hieb,Richard_Hieb.jpg,男,美国,,,,,STS-39、STS-49、STS-65任务的宇航员
474,理查德·林内汉,Richard Linnehan,Richard_Linnehan.jpg,男,美国,,,,,STS-78、STS-90、STS-109、STS-123任务的宇航员
475,理查德·马斯特拉奇奥,Richard Mastracchio,Richard_Mastracchio_2013.jpg,男,美国,,,,,STS-106、STS-118、STS-131、[[联盟TMA-11M]]任务的宇航员
476,理查德·穆莱恩,Richard Mullane,Richard_M._Mullane_in_blue_flight_suit.jpg,男,美国,,,,,STS-41-D、STS-27、STS-36任务的宇航员
477,理查德·N·理查兹,Richard N. Richards,Richard_Richards.jpg,男,美国,,,,,STS-28、STS-41、STS-50、STS-64任务的宇航员
478,理查德·科维,Richard O. Covey,Covey.jpg,男,美国,,,,,STS-51-I、STS-26、STS-38、STS-61任务的宇航员
479,理查德·R·阿诺德,Richard R. Arnold,Richardarnoldv2.jpg,男,美国,,,,,STS-119、[[联盟MS-08]]任务的宇航员
480,理查德·西尔福斯,Richard Searfoss,Richard_Searfoss2.jpg,男,美国,1956年,2018年,,,STS-58、STS-76、STS-90任务的宇航员
481,理查德·特鲁利,Richard Truly,Richard_H._Truly_-_GPN-2002-000090.jpg,男,美国,,,,,STS-2、STS-8任务的宇航员
482,里克·赫斯本德,Rick Husband,Richard_Husband,男,美国,1957年,2003年,,,STS-96、STS-107任务的宇航员
483,罗布·库林,Robb Kulin,Robb_Kulin_portrait.jpg,男,美国,,,,,
484,罗伯特·克里彭,Robert Crippen,Robert_Crippen.jpg,男,美国,,,,,STS-1、STS-7、STS-41-C、STS-41-G任务的宇航员
485,罗伯特·科宾,Robert Curbeam,Robert_Curbeam.jpg,男,美国,,,,,STS-85、STS-98、STS-116任务的宇航员
486,罗伯特·D·卡巴纳,Robert D. Cabana,Robert_Cabana.jpg,男,美国,,,,,STS-41、STS-53、STS-65、STS-88任务的宇航员
487,罗伯特·海因斯,Robert Hines,Bob_Hines_portrait.jpg,男,美国,,,,,[[载人龙-4]]任务的宇航员
488,罗伯特·J·岑克,Robert J. Cenker,Robert_Cenker.jpg,男,美国,,,,,STS-61-C任务的宇航员
490,罗伯特·贝恩肯,Robert L. Behnken,Bob_Behnken_in_2022_01.jpg,男,美国,1970年7月28日,,美国空军退役上校、博士、宇航员,华盛顿大学、加州理工学院,STS-123（[[奋进号]]）、STS-130（[[奋进号]]）、[[载人龙DM-2]]任务的宇航员
491,罗伯特·L·吉布森,Robert L. Gibson,Gibson-rl.jpg,男,美国,,,,,STS-41-B、STS-61-C、STS-27、STS-47、STS-71任务的宇航员
492,罗伯特·劳伦斯,Robert Lawrence,Robertlawrence.jpg,男,美国,1935年,1967年,,,<!-- 没有航天飞行，Manned Orbiting Laboratory计划训练者 -->
493,罗伯特·迈克尔·怀特,Robert Michael White,Robert_M._White.jpg,男,美国,,,,,[[X-15]]任务的宇航员
494,罗伯特·奥弗迈尔,Robert Overmyer,Overmyer_robert_4.jpg,男,美国,1936年,1996年,,,STS-5、STS-51-B任务的宇航员
495,罗伯特·帕克,Robert Parker,RobertParker.jpg,男,美国,,,,,STS-9、STS-35任务的宇航员
496,罗伯特·S·金伯勒,Robert S. Kimbrough,Shanekimbroughv2.jpg,男,美国,,,,,STS-126、[[联盟MS-02]]、[[载人龙-2]]任务的宇航员
497,罗伯特·萨彻,Robert Satcher,Robert_Satcher.jpg,男,美国,,,,,STS-129任务的宇航员
498,罗伯特·施普林格,Robert Springer,Robert_Springer.jpg,男,美国,,,,,STS-29、STS-38任务的宇航员
499,罗伯特·斯图尔特,Robert Stewart,Stewart-rl.jpg,男,美国,,,,,STS-41-B、STS-51-J任务的宇航员
500,罗杰·B·查菲,Roger B. Chaffee,RogerChaffee.1964.ws.jpg,男,美国,1935年,1967年,,,<!-- 死于阿波罗1号事故 -->
501,罗杰·K·克劳奇,Roger K. Crouch,Roger_Crouch.jpg,男,美国,,,,,STS-83、STS-94任务的宇航员
502,罗纳德·A·帕里斯,Ronald A. Parise,Ronald_Parise.jpg,男,美国,1951年,2008年,,,STS-35、STS-67任务的宇航员
503,罗纳德·埃文斯,Ronald Evans,Ronald_Evans.jpg,男,美国,1933年,1990年,,,[[阿波罗17号]]任务的宇航员
504,罗纳德·加朗,Ronald Garan,Ronald_J._Garan.jpg,男,美国,,,,,STS-124、[[联盟TMA-21]]任务的宇航员
505,罗纳德·格雷贝,Ronald Grabe,Ronald_Grabe.jpg,男,美国,,,,,STS-51-J、STS-30、STS-42、STS-57任务的宇航员
506,罗纳德·麦克奈尔,Ronald McNair,Ronald_McNair_(S78-35300).jpg,男,美国,1950年,1986年,,,STS-41-B、STS-51L任务的宇航员 <!-- 死于挑战者航天飞机事故 -->
507,罗纳德·塞加,Ronald Sega,Ronald_Sega.jpg,男,美国,,,,,STS-60、STS-76任务的宇航员
508,罗伊·布里奇斯,Roy Bridges,Roy_Bridges.jpg,男,美国,,,,,STS-51-F任务的宇航员
509,拉塞尔·罗杰斯,Russell L. Rogers,Russell_Lee_Rogers.jpg,男,美国,1928年,1967年,,,<!-- 没有航天飞行，分配至Dyna Soar计划 -->
510,施威卡特,Rusty Schweickart,RustySchweickart.jpg,男,美国,,,,,[[阿波罗9号]]任务的宇航员
511,萨莉·莱德,Sally Ride,Sally_Ride_(1984).jpg,女,美国,,,,,美国第一个女性航天员，STS-7、STS-41-G任务的宇航员
512,塞缪尔·杜兰斯,Samuel T. Durrance,Samuel_Durrance.jpg,男,美国,,,,,STS-35、STS-67任务的宇航员
513,马格努斯,Sandra Magnus,Sandra_Magnus_2011.jpg,女,美国,,,,,STS-112、STS-126/119、STS-135任务的宇航员
514,斯科特·阿尔特曼,Scott Altman,Scott_Douglas_Altman.jpg,男,美国,,,,,STS-90、STS-106、STS-109、STS-125任务的宇航员
515,斯科特·卡彭特,Scott Carpenter,MalcolmScottCarpenter.jpg,男,美国,1925年,2013年,,,[[水星7号]]任务的宇航员
516,斯科特·霍洛维茨,Scott Horowitz,Scott_J_Horowitz.jpg,男,美国,,,,,STS-75、STS-82、STS-101、STS-105任务的宇航员
517,斯科特·凯利,Scott Kelly,Scott_J._Kelly.jpg,男,美国,,,,,STS-103、STS-118、[[联盟TMA-01M]]、[[联盟TMA-16M]]/[[联盟TMA-18M|18M]]任务的宇航员
518,斯科特·帕拉兹斯基,Scott Parazynski,Scott_parazynski.jpg,男,美国,,,,,STS-66、STS-86、STS-95、STS-100、STS-120任务的宇航员
519,塞丽娜·M·奥尼翁,Serena M. Auñón-Chancellor,Serena_M._Aunon,女,美国,1976年4月9日,,,,[[联盟MS-09]]、远征56/57任务的宇航员
520,香农·卢西德,Shannon Lucid,ShannonLucid.jpeg,女,美国,,,,,STS-51-G、STS-34、STS-43、STS-58、STS-76、STS-79任务的宇航员
521,香农·沃克,Shannon Walker,Shannon_Walker_official_portrait_2020_(cropped).jpg,女,美国,,,,,[[联盟TMA-19]]、[[载人龙-1]]任务的宇航员
522,谢伍德·斯普林,Sherwood Spring,Sherwood_Spring.jpg,男,美国,,,,,STS-61-B任务的宇航员
523,西德尼·古铁雷斯,Sidney Gutierrez,Sidney_M._Gutierrez.jpg,男,美国,,,,,STS-40、STS-59任务的宇航员
524,索尼·卡特,Sonny Carter,Manley_Carter.jpg,男,美国,1947年,1991年,,,STS-33任务的宇航员
525,斯坦利·G·洛夫,Stanley G. Love,Stanley_G._Love.jpg,男,美国,,,,,STS-122任务的宇航员
526,斯蒂芬妮·威尔逊,Stephanie Wilson,Stephanie_Wilson_in_2008.jpg,女,美国,,,,,STS-121、STS-120、STS-131任务的宇航员
527,斯蒂芬·弗里克,Stephen Frick,Stephen_frick-2007.jpg,男,美国,,,,,STS-110、STS-122任务的宇航员
528,斯蒂芬·G·伯恩,Stephen G. Bowen,Stephenbowenv2.jpg,男,美国,,,,,STS-126、STS-132、STS-133、[[载人龙-6]]任务的宇航员
529,斯蒂芬·奥斯瓦尔德,Stephen Oswald,Stephen_Oswald.jpg,男,美国,,,,,STS-42、STS-56、STS-67任务的宇航员
530,史蒂芬·罗宾逊,Stephen Robinson,Stephen_Robinson_NASA_STS114.jpg,男,美国,,,,,STS-85、STS-95、STS-114、STS-130任务的宇航员
531,斯蒂芬·索恩,Stephen Thorne,Stephen_thorne_NASA.jpg,男,美国,1953年,1986年,,,<!-- 没有航天飞行，死于特技飞行训练事故 -->
532,斯蒂芬·霍利,Steven Hawley,Hawley-sa.jpg,男,美国,,,,,STS-41-D、STS-61-C、STS-31、STS-82、STS-93任务的宇航员
533,史蒂文·林赛,Steven Lindsey,Steven_W._Lindsey.jpg,男,美国,,,,,STS-87、STS-95、STS-104、STS-121、STS-133任务的宇航员
534,史蒂文·R·纳格尔,Steven R. Nagel,Steven_Nagel.jpg,男,美国,1946年,2014年,,,STS-51-G、STS-61-A、STS-37、STS-55任务的宇航员
535,史蒂芬·史密斯,Steven Smith,Steven_Smith.jpg,男,美国,,,,,STS-68、STS-82、STS-103、STS-110任务的宇航员
536,史蒂文·斯旺森,Steven Swanson,Steven_swanson_v2.jpg,男,美国,,,,,STS-117、STS-119任务的宇航员
537,斯多里·马斯格雷夫,Story Musgrave,StoryMusgrave.jpg,男,美国,,,,,STS-6、STS-51-F、STS-33、STS-44、STS-61、STS-80任务的宇航员
538,斯图尔特·罗萨,Stuart Roosa,Stuart_Allen_Roosa.jpg,男,美国,1933年,1994年,,,[[阿波罗14号]]任务的宇航员
539,苏尼塔·威廉姆斯,Sunita Williams,Sunita_Williams_in_2018.jpg,女,美国,,,,,STS-116/117、[[联盟TMA-05M]]任务的宇航员
540,苏珊·海尔姆斯,Susan Helms,Helms_sj4.jpg,女,美国,,,,,STS-54、STS-64、STS-78、STS-101、STS-102/105任务的宇航员
541,苏珊·基兰,Susan Still Kilrain,Susan_Still-Kilrain.jpg,女,美国,,,,,STS-83、STS-94任务的宇航员
542,塔玛拉·E·杰尼根,Tamara E. Jernigan,Tamara_E._Jernigan.jpg,女,美国,,,,,STS-40、STS-52、STS-67、STS-80、STS-96任务的宇航员
543,王赣骏,Taylor Wang,Taylor_Wang_-_full.jpg,男,美国,,,,,STS-51-B任务的宇航员
544,泰德·弗里曼,Ted Freeman,Theodore_Cordy_Freeman.jpg,男,美国,1930年,1964年,,,
545,特伦斯·亨里克斯,Terence Henricks,Terence_T._Henricks_(S85-41891).jpg,男,美国,,,,,STS-44、STS-55、STS-70、STS-78任务的宇航员
546,特伦斯·威尔卡特,Terrence Wilcutt,Terrence_Wilcutt.jpg,男,美国,,,,,STS-68、STS-79、STS-89、STS-106任务的宇航员
547,特里·哈特,Terry Hart,Hart-tj.jpg,男,美国,,,,,STS-41-C任务的宇航员
548,特里·弗茨,Terry Virts,Terry_Virts_-_official_portrait_EMU.jpg,男,美国,,,,,STS-130、[[联盟TMA-15M]]任务的宇航员
549,托马斯·埃克斯,Thomas Akers,Thomas_D_Akers.jpg,男,美国,,,,,STS-41、STS-49、STS-61、STS-79任务的宇航员
550,托马斯·D·琼斯,Thomas D. Jones,Thomas_Jones.jpg,男,美国,,,,,STS-59、STS-68、STS-80、STS-98任务的宇航员
551,托马斯·亨宁,Thomas Hennen,Thomas_J._Hennen.jpg,男,美国,,,,,STS-44任务的宇航员
552,托马斯·马斯伯恩,Thomas Marshburn,Thomas_Marshburn,男,美国,,,,,STS-127、[[联盟TMA-07M]]、[[载人龙-3]]任务的宇航员
553,托马斯·巴顿-斯塔福德,Thomas Patten Stafford,Thomas_Stafford.jpg,男,美国,,,,,[[双子星座6号]]、[[阿波罗9号]]、[[阿波罗10号]]、[[阿波罗-联盟测试体]]任务的宇航员
554,蒂莫西·克莱默,Timothy Creamer,Timothy_J._Creamer.jpg,男,美国,,,,,[[联盟TMA-17]]任务的宇航员
555,蒂莫西·科普拉,Timothy L. Kopra,TimotyKorpav2.jpg,男,美国,,,,,STS-127/128任务的宇航员
556,特雷西·考德威尔·戴维森,Tracy Caldwell Dyson,Tracy_E_Caldwell_portrait.jpg,女,美国,,,,,STS-118、[[联盟TMA-18]]任务的宇航员
557,文斯·布兰德,Vance Brand,VanceDBrand.jpg,男,美国,,,,,[[阿波罗-联盟测试体]]、STS-5、STS-41-B、STS-35任务的宇航员
558,维克多·格洛弗,Victor Glover,Victor_Glover_in_2022.jpg,男,美国,,,,,[[载人龙-1]]任务的宇航员
559,沃利·芬克,Wally Funk,Wally_Funk_2012.jpg,女,美国,,,,,[[蓝色起源]]NS-16亚轨道任务的宇航员
560,瓦尔特·施艾拉,Wally Schirra,Schirra_walter_3.jpg,男,美国,1923年,2007年,,,[[水星8号]]、[[双子星座6号]]、[[阿波罗7号]]任务的宇航员
561,瓦尔特·康尼翰,Walter Cunningham,Walter_Cunningham.jpg,男,美国,,,,,[[阿波罗7号]]任务的宇航员
562,沃伦·霍堡,Warren Hoburg,Warren_Hoburg_portrait.jpg,男,美国,,,,,[[载人龙-6]]任务的宇航员
563,温蒂·劳伦斯,Wendy Lawrence,Wendy_Lawrence_NASA_STS114.jpg,女,美国,,,,,STS-67、STS-86、STS-91、STS-114任务的宇航员
564,威廉·安德斯,William Anders,William_Anders.jpg,男,美国,,,,,[[阿波罗8号]]任务的宇航员
565,威廉·勒诺,William B. Lenoir,WilliamBLenoir.jpg,男,美国,1939年,2010年,,,STS-5任务的宇航员
566,威廉·C·麦考尔,William C. McCool,William_Cameron_McCool.jpg,男,美国,1961年,2003年,,,STS-107任务的宇航员
567,威廉·E·桑顿,William E. Thornton,WilliamThornton.jpg,男,美国,,,,,STS-8、STS-51-B任务的宇航员
568,威廉·弗雷德里克·费舍尔,William Frederick Fisher,William_Frederick_Fisher_(Astronaut).jpg,男,美国,,,,,STS-51-I任务的宇航员
569,威廉·格里高利,William Gregory,WilliamGGregory.jpg,男,美国,,,,,STS-67任务的宇航员
570,威廉·奥费林,William Oefelein,William_Oefelein.jpg,男,美国,,,,,STS-116任务的宇航员
571,威廉·派尔斯,William Pailes,WilliamAPailes.jpg,男,美国,,,,,STS-51-J任务的宇航员
572,威廉·博格,William Pogue,William_Pogue.jpg,男,美国,1930年,2014年,,,[[天空实验室4号]]任务的宇航员
573,威廉·雷迪,William Readdy,WilliamFrancisReaddy.jpg,男,美国,,,,,STS-42、STS-51、STS-79任务的宇航员
574,威廉·麦克阿瑟,William S. McArthur,WilliamSMcArthur-NASA.jpg,男,美国,,,,,STS-58、STS-74、STS-92、[[联盟TMA-7]]任务的宇航员
575,威廉·谢泼德,William Shepherd,William_Shepherd.jpg,男,美国,,,,,STS-27、STS-41、STS-52、[[联盟TM-31]]/STS-102任务的宇航员
576,温斯顿·斯科特,Winston Scott,Winston_scott.jpg,男,美国,,,,,STS-72、STS-87任务的宇航员
577,伊冯·卡格尔,Yvonne Cagle,Yvonne_Cagle.jpg,女,美国,,,,,
578,泽娜·卡德曼,Zena Cardman,Zena_Cardman_official_portrait.jpg,女,美国,,,,,
579,弗朗西斯科·卢比奥,Francisco Rubio,Francisco_Rubio_portrait.jpg,男,美国,,,,,[[联盟MS-22]]任务的航天员
580,马可斯·庞特斯,Marcos Pontes,Senadores_da_57ª_Legislatura_(52689302869).jpg,男,巴西,,,,,[[联盟TMA-8]]任务的航天员
581,安德烈·奎佩斯,André Kuipers,ESA_astronaut_André_Kuipers.jpg,男,荷兰,,,,,[[联盟TMA-4]]/[[联盟TMA-3|3]]、[[联盟TMA-03M]]任务的航天员
582,莫西·皮克,Timothy Peake,Timothy_Peake,男,英国,,,,,[[联盟TMA-19M]]任务的航天员
583,艾登·艾姆别托夫,Aydyn Aimbetov,Aidyn_Aimbetov.jpg,男,哈萨克斯坦,,,,,[[联盟TMA-18M]]任务的航天员
584,安德烈亚斯·莫根森,Andreas Mogensen,Andreas_Mogensen_official_portrait.jpg,男,丹麦,,,,,[[联盟TMA-18M]]、[[载人龙-7]]任务的航天员
585,航天员油井龟美,Kimiya Yui,Kimiya_Yui_NASA_official_portrait.jpg,男,日本,,,,,[[联盟TMA-17M]]任务的航天员
586,克里斯托弗雷蒂,Samantha Cristoforetti,Samantha_Cristoforetti_official_portrait_in_an_EMU_spacesuit.jpg,女,意大利,,,,,[[联盟TMA-15M]]、[[载人龙-4]]任务的航天员
587,亚历山大·格斯特,Alexander Gerst,Alexander_Gerst,男,德国,,,,,[[联盟TMA-13M]]任务的航天员
588,李素妍,Yi So-yeon,Yi_So-yeon_(NASA_-_JSC2008-E-004174).jpg,女,韩国,,,,,[[联盟TMA-12]]/[[联盟TMA-11|11]]任务的航天员
589,谢赫·穆萨帕·舒科尔,Sheikh Muszaphar Shukor,Muszaphar_shukor.jpg,男,马来西亚,,,,,[[联盟TMA-11]]/[[联盟TMA-10|10]]任务的航天员
590,弗兰克·德·温恩,Frank De Winne,Frank_De_Winne_2009.jpg,男,比利时,,,,,[[联盟TMA-1]]/[[联盟TM-34|TM-34]]、[[联盟TMA-15]]任务的航天员
591,帕尔米塔诺,Luca Parmitano,Luca_Parmitano_EMU.jpg,男,意大利,,,,,[[联盟TMA-09M]]任务的航天员
592,古川聪,Satoshi Furukawa,Satoshi_Furukawa.jpg,男,日本,,,,,[[联盟TMA-02M]]、[[载人龙-7]]任务的航天员
593,阿卜杜勒·阿哈德·莫赫曼德,Abdul Ahad Mohmand,Abdul_Ahad_Mohmand.jpeg,男,阿富汗,,,,,[[联盟TM-6]]/[[联盟TM-5|5]]任务的航天员
594,亚历山大·帕纳约托夫·亚历山德罗夫,Aleksandar Panayotov Aleksandrov,Александр_Александров_Панайотов.JPG,男,保加利亚,,,,,[[联盟TM-5]]任务的航天员
595,穆罕默德·法里斯,Muhammed Faris,Muhammed_Ahmed_Faris.jpg,男,叙利亚,,,,,[[联盟TM-3]]/[[联盟TM-2|2]]任务的航天员
596,伊万·贝拉,Ivan Bella,Ivan_Bella_(Author_-_Rudolf_Csiba).jpg,男,斯洛伐克,,,,,[[联盟TM-29]]/[[联盟TM-28|28]]任务的航天员
597,莱奥波德·埃哈茨,Léopold Eyharts,Leopold_eyharts_v2.jpg,男,法国,,,,,[[联盟TM-27]]/[[联盟TM-26|26]]、STS-122/123任务的航天员
598,莱因霍尔德·埃瓦尔德,Reinhold Ewald,Ewald,男,德国,,,,,[[联盟TM-25]]/[[联盟TM-24|24]]任务的航天员
599,克劳迪·海格纳,Claudie Haigneré,20140927_Femmes_de_science_-_Claudie_Haigneré_02.jpg,女,法国,,,,,[[联盟TM-24]]/[[联盟TM-23|23]]、[[联盟TM-33]]/[[联盟TM-32|32]]任务的航天员
600,托马斯·赖特尔,Thomas Reiter,Reiter_STS-121.jpg,男,德国,,,,,[[联盟TM-22]]、STS-121/116、远征13任务的航天员
601,让-皮埃尔·海格纳,Jean-Pierre Haigneré,Jean-Pierre_Haigneré.jpeg,男,法国,,,,,[[联盟TM-17]]/[[联盟TM-16|16]]、[[联盟TM-29]]任务的航天员
602,米歇尔·托格尼尼,Michel Tognini,Michel_Tognini.jpg,男,法国,,,,,[[联盟TM-15]]/[[联盟TM-14|14]]、STS-93任务的航天员
603,克劳斯·迪特里希·弗莱德,Klaus-Dietrich Flade,Klaus-Dietrich_Flade.jpg,男,德国,,,,,[[联盟TM-14]]/[[联盟TM-13|13]]任务的航天员
604,弗朗茨·维埃贝克,Franz Viehböck,Aleksandr_Viktorenko.jpg,男,奥地利,,,,,[[联盟TM-13]]/[[联盟TM-12|12]]任务的航天员
605,海伦·沙曼,Helen Sharman,Dr._Helen_Sharman_(cropped).jpg,男,英国,,,,,[[联盟TM-12]]、[[联盟TM-11]]任务的航天员
606,让·卢普·克雷蒂安,Jean-Loup Chrétien,Chretien.jpg,男,法国,,,,,[[联盟T-6]]、[[联盟TM-7]]/[[联盟TM-6|6]]、STS-86任务的航天员
607,拉卡什·沙玛,Rakesh Sharma,Rakesh_sharma.jpg,男,印度,,,,,[[联盟T-11]]/[[联盟T-10|10]]任务的航天员
608,大卫·圣雅克,David Saint-Jacques,David_Saint-Jacques_official_portrait.jpg,男,加拿大,,,,,[[联盟MS-11]]任务的航天员
609,托马斯·佩斯凯特,Thomas Pesquet,Thomas_Pesquet_2016.jpg,男,法国,,,,,[[联盟MS-03]]、[[载人龙-2]]任务的航天员
610,杜米特鲁·普鲁纳留,Dumitru Prunariu,Dumitru-Dorin_Prunariu_-_UNOOSA_50_Years_of_Women_in_Space_NHM_Vienna_2013.jpg,男,罗马尼亚,,,,,[[联盟-40]]任务的航天员
611,朱格德尔德米德·古尔拉格查,Jügderdemidiin Gürragchaa,Jügderdemidiin_Gürragchaa.jpeg,男,蒙古国,1947年12月5日,,,,[[联盟-39]]任务的航天员，蒙古国原国防部长
612,阿尔纳尔多·塔马约·梅南德斯,Arnaldo Tamayo Méndez,2022_Arnaldo_Tamayo_Méndez.png,男,古巴,,,,,[[联盟-38]]任务的航天员
613,范遵,Phạm Tuân,Phạm_Tuân_.JPG,男,越南,,,,,[[联盟-37]]/[[联盟-36|36]]任务的航天员
614,贝尔塔兰·法卡斯,Bertalan Farkas,Bertalan_Farkas_first_Hungarian_astronaut.jpg,男,匈牙利,,,,,[[联盟-36]]/[[联盟-35|35]]任务的航天员
615,罗伯托·维托里,Roberto Vittori,Roberto_Vittori_NASA_portrait.jpg,男,意大利,,,,,[[联盟-34]]/[[联盟-33|33]]、[[联盟TMA-6]]/[[联盟TMA-5|5]]、STS-134任务的航天员
616,格奥尔基·伊万诺夫,Georgi Ivanov,Georgi_ivanov-676x1024.jpg,男,保加利亚,,,,,[[联盟-33]]任务的航天员
617,西格蒙德·伊恩,Sigmund Jähn,Sigmund_Jahn_cropped.jpg,男,德国,,,,,[[联盟-31]]/[[联盟-29|29]]任务的航天员
618,泽农·扬科夫斯基,Zenon Jankowski,Zenon Jankowski.jpg,男,波兰,,,,,[[联盟-30]]任务的备份航天员
619,米罗斯瓦夫·赫马舍夫斯基,Mirosław Hermaszewski,Miroslaw_H.jpg,男,波兰,,,,,[[联盟-30]]任务的航天员
620,弗拉迪米尔·雷马克,Vladimír Remek,VladimirRemek.jpg,男,捷克,,,,,[[联盟-28]]任务的航天员
621,大卫·麦凯,David Mackay,David_Mackay.jpg,男,英国,,,,,VSS Unity VF-01任务的航天员
622,格哈德·蒂尔,Gerhard Thiele,Gerhard_Thiele.jpg,男,德国,,,,,STS-99任务的航天员
623,佩耶特,Julie Payette,Julie_Payette_2017.jpg,女,加拿大,,,,,STS-96、STS-127任务的航天员
624,佩德罗·杜克,Pedro Duque,Pedro_Duque_(cropped).jpg,男,西班牙,,,,,STS-95、[[联盟TMA-3]]/[[联盟TMA-2|2]]任务的航天员
625,达菲德·威廉姆斯,Dafydd Williams,Dafydd_Williams.jpg,男,加拿大,,,,,STS-90、STS-118任务的航天员
626,沃尔夫·梅博尔德,Ulf Merbold,Ulf_D._Merbold.jpg,男,德国,,,,,STS-9、STS-42、[[联盟TM-20]]/[[联盟TM-19|19]]任务的航天员
627,土井隆雄,Takao Doi,Doi.jpg,男,日本,,,,,STS-87、STS-123任务的航天员
628,卡尔帕娜·乔拉,Kalpana Chawla,Kalpana_Chawla,女,印度,1961年,2003年,,,STS-87、STS-107任务的航天员
629,列昂尼德·卡代纽克,Leonid Kadeniuk,Leonid_Kadenyuk.jpg,男,乌克兰,,,,,STS-87任务的航天员
630,比雅尼·特里格瓦森,Bjarni Tryggvason,Bjarni_Tryggvason,男,加拿大,,,,,STS-85任务的航天员
631,卡洛斯·诺列加,Carlos I. Noriega,Carlos_Noriega_(29320023123).jpg,男,秘鲁,,,,,STS-84、STS-97任务的航天员
632,罗伯特·蒂尔克,Robert Thirsk,Robert_thirsk_v2.jpg,男,加拿大,,,,,STS-78、[[联盟TMA-15]]任务的航天员
633,让·雅克·法维尔,Jean-Jacques Favier,Jean-Jacques_Favier.jpg,男,法国,,,,,STS-78任务的航天员
634,安迪·托马斯,Andy Thomas,Astronaut_Andy_Thomas.jpg,男,澳大利亚,,,,,STS-77、STS-89/91、STS-102、STS-114任务的航天员
635,翁贝托·吉多尼,Umberto Guidoni,Umberto_Guidoni_portrait.jpg,男,意大利,,,,,STS-75、STS-100任务的航天员
636,毛里齐奥·切利,Maurizio Cheli,Maurizio_Cheli.jpg,男,意大利,,,,,STS-75任务的航天员
637,克里斯·哈德菲尔德,Chris Hadfield,Chris_Hadfield_2011.jpg,男,加拿大,,,,,STS-74、STS-100、远征34、远征35、[[联盟TMA-07M]]任务的航天员
638,若田光一,Koichi Wakata,Koichi_Wakata_Official_Portrait.jpg,男,日本,,,,,STS-72、STS-92、STS-119/127、[[联盟TMA-11M]]、[[载人龙-5]]任务的航天员
639,让-弗朗索瓦·克莱沃伊,Jean-François Clervoy,Jean-Francois_Clervoy.jpg,男,法国,,,,,STS-66、STS-84、STS-103任务的航天员
640,向井千秋,Chiaki Mukai,Chiaki_Mukai.jpg,女,日本,,,,,STS-65、STS-95任务的航天员
641,张福林,Franklin Chang-Diaz,Changdiaz.jpg,男,哥斯达黎加,,,,,STS-61-C、STS-34、STS-46、STS-60、STS-75、[[STS-91]]、[[STS-111]]任务的航天员
642,鲁道夫·尼里·韦拉,Rodolfo Neri Vela,Mexico.RodolfoNeriVela.jpg,男,墨西哥,,,,,STS-61-B任务的航天员
643,恩斯特·梅塞施密特,Ernst Messerschmid,Ernst_Messerschmid_1.jpg,男,德国,,,,,STS-61-A任务的航天员
644,乌波·欧克斯,Wubbo Ockels,Wubbo_Ockels_-_Astronaut_Portrait.jpg,男,荷兰,1946年,2014年,,,STS-61-A任务的航天员
645,Reinhard Furrer,Reinhard Furrer,Reinhard_Furrer.jpg,男,德国,1940年,1995年,,,STS-61-A任务的航天员
646,汉斯·施莱格尔,Hans Schlegel,Hans_schlegel_v2.jpg,男,德国,,,,,STS-55、STS-122任务的航天员
647,乌尔里希·沃尔特,Ulrich Walter,Ulrich_walter.jpg,男,德国,,,,,STS-55任务的航天员
648,史蒂文·麦克林,Steven MacLean,Steve_MacLean.jpg,男,加拿大,,,,,STS-52、STS-115任务的航天员
649,苏丹本·萨勒曼·本·阿卜杜勒阿齐兹·阿勒沙特,Sultan bin Salman bin Abdulaziz Al Saud,Sultan bin Salman.jpg,男,沙特阿拉伯,,,,,STS-51-G任务的航天员
650,帕特里克·鲍德利,Patrick Baudry,Patrick_Baudry.jpg,男,法国,,,,,STS-51-G任务的航天员
651,毛利卫,Mamoru Mohri,Mamoru_Mohri_portrait.jpg,男,日本,,,,,STS-47、STS-99任务的航天员
652,克劳德·尼科利尔,Claude Nicollier,Claude_Nicollier-2.jpg,男,瑞士,,,,,STS-46、STS-61、STS-75、STS-103任务的航天员
653,弗兰科·马勒巴,Franco Malerba,Franco_Malerba.jpg,男,意大利,,,,,STS-46任务的航天员
654,迈克尔·福奥勒,Michael Foale,Michael_Foale_-_official_astronaut_portrait.jpg,男,英国,,,,,STS-45、STS-56、STS-63、STS-84/86、[[STS-103]]、[[联盟TMA-3]]任务的航天员
655,德克·弗里穆特,Dirk Frimout,Frimout.jpg,男,比利时,,,,,STS-45任务的航天员
656,邦达尔,Roberta Bondar,Roberta_Bondar2.jpg,女,加拿大,,,,,STS-42任务的航天员
657,马克·加尔诺,Marc Garneau,Marc_Garneau_-_2018_(42748534304)_(cropped).jpg,男,加拿大,,,,,STS-41-G、STS-77、STS-97任务的航天员
658,保罗·斯考利·鲍尔,Paul Scully-Power,Astronaut_paul_desmond_scully_power.jpg,男,澳大利亚,,,,,STS-41-G任务的航天员
659,山崎直子,Naoko Yamazaki,Naoko_Yamazaki.jpg,女,日本,,,,,STS-131任务的航天员
660,星出彰彦,Akihiko Hoshide,Akihiko_Hoshide_2012.jpg,男,日本,,,,,STS-124、[[联盟TMA-05M]]、[[载人龙-2]]任务的航天员
661,保罗·内斯波利,Paolo A. Nespoli,Paolo_A._Nespoli_2016.jpg,男,意大利,,,,,STS-120、[[联盟TMA-20]]任务的航天员
662,尼古拉斯·帕特里克,Nicholas Patrick,Nicholas_Patrick_2009.jpg,男,英国,,,,,STS-116、STS-130任务的航天员
663,克里斯特·福格桑,Christer Fuglesang,Christer_Fuglesang.jpg,男,瑞典,,,,,STS-116、STS-128任务的航天员
664,野口宗一,Soichi Noguchi,Soichi_noguchi_v2.jpg,男,日本,,,,,STS-114、[[联盟TMA-17]]、[[载人龙-1]]任务的航天员
665,皮尔斯·赛勒斯,Piers Sellers,Piers_sellers_v1.jpg,男,英国,1955年,2016年,,,STS-112、STS-121、STS-132任务的航天员
666,菲利普·佩林,Philippe Perrin,Philippe_Perrin.jpg,男,法国,,,,,STS-111任务的航天员
667,伊兰·拉蒙,Ilan Ramon,Ilan_Ramon,男,以色列,1954年,2003年,,,STS-107任务的航天员
668,大野拓哉,Takuya Onishi,Takuya_Onishi_at_the_Neutral_Buoyancy_Lab.jpg,男,日本,,,,,远征48/49任务的航天员
669,拉维什·马尔霍特拉,Ravish Malhotra,Wing_Commander_Ravish_Malhotra.jpg,男,印度,,,,,国际宇宙计划的备份航天员
670,菲利普·K·查普曼,Philip K. Chapman,Astronaut_Philip_K_Chapman.jpg,男,澳大利亚,,,,,
671,杰里米·汉森,Jeremy Hansen,Jeremy_Hansen_official_portrait.jpg,男,加拿大,,,,,
672,陈全,Chen Quan,Chen_Quan.jpeg,男,中国,,,,,[[神舟七号]]备份航天员
673,高飞·科顿,Coby Cotton,Coby Cotton.jpg,男,美国,1987年7月17日,,YouTuber,,YouTube热门频道Dude Perfect联合创始人、[[新谢泼德号|New Shepard-22]]任务的太空旅客
674,安德烈·费佳耶夫,Andrey Fedyaev,Andrey Fedyaev.jpg,男,俄罗斯,1981年2月26日,,宇航员,,[[载人龙-6]]任务的航天员
675,苏丹·尼亚迪,Sultan Al Neyadi,Sultan Al Neyadi.jpg,男,阿联酋,1981年5月23日,,宇航员,,[[载人龙-6]]任务的航天员
676,埃坦·斯蒂比,Eytan Stibbe,Eytan Stibbe.jpg,男,以色列,,,商人,,[[载人龙Ax1]]任务的太空旅客
677,埃隆·马斯克,Elon Musk,Elon_Musk.jpg,男,美国/南非/加拿大,1971年6月28日,,企业家,,[[SpaceX]]创始人、董事长、首席执行官、首席工程师
678,阿努什·安萨里,Anousheh Ansari,AnoushehAnsari.jpg,女,美国,1966年9月12日,,工程师、企业家,,首位进入太空的伊朗人